HDO-2-20160703,Time,Celsius(°C),Humidity(%rh),Dew Point(°C),Serial Number
1,2016-07-03 08:00:00,29.0,57.5,19.8,010090331
2,2016-07-03 08:01:00,29.0,55.0,19.0
3,2016-07-03 08:02:00,28.5,58.5,19.6
4,2016-07-03 08:03:00,28.0,61.0,19.8
5,2016-07-03 08:04:00,28.0,63.5,20.4
6,2016-07-03 08:05:00,28.0,64.0,20.6
7,2016-07-03 08:06:00,28.0,65.5,20.9
8,2016-07-03 08:07:00,28.0,64.5,20.7
9,2016-07-03 08:08:00,28.0,62.5,20.2
10,2016-07-03 08:09:00,28.0,63.5,20.4
11,2016-07-03 08:10:00,28.5,64.5,21.1
12,2016-07-03 08:11:00,28.5,65.0,21.3
13,2016-07-03 08:12:00,29.0,66.5,22.1
14,2016-07-03 08:13:00,29.5,66.0,22.5
15,2016-07-03 08:14:00,29.5,66.0,22.5
16,2016-07-03 08:15:00,29.5,67.0,22.7
17,2016-07-03 08:16:00,29.5,66.5,22.6
18,2016-07-03 08:17:00,29.5,64.5,22.1
19,2016-07-03 08:18:00,29.5,64.5,22.1
20,2016-07-03 08:19:00,29.5,64.5,22.1
21,2016-07-03 08:20:00,29.5,65.0,22.2
22,2016-07-03 08:21:00,29.5,66.5,22.6
23,2016-07-03 08:22:00,29.5,67.0,22.7
24,2016-07-03 08:23:00,29.5,67.0,22.7
25,2016-07-03 08:24:00,29.5,67.0,22.7
26,2016-07-03 08:25:00,29.5,67.5,22.8
27,2016-07-03 08:26:00,29.5,67.0,22.7
28,2016-07-03 08:27:00,29.5,67.0,22.7
29,2016-07-03 08:28:00,29.5,59.0,20.6
30,2016-07-03 08:29:00,29.0,59.0,20.2
31,2016-07-03 08:30:00,29.0,61.0,20.7
32,2016-07-03 08:31:00,28.5,66.0,21.5
33,2016-07-03 08:32:00,28.5,66.0,21.5
34,2016-07-03 08:33:00,29.0,66.0,22.0
35,2016-07-03 08:34:00,29.0,65.0,21.7
36,2016-07-03 08:35:00,29.0,62.0,21.0
37,2016-07-03 08:36:00,29.0,62.0,21.0
38,2016-07-03 08:37:00,28.5,59.0,19.7
39,2016-07-03 08:38:00,28.5,59.5,19.8
40,2016-07-03 08:39:00,28.5,59.5,19.8
41,2016-07-03 08:40:00,28.0,59.0,19.2
42,2016-07-03 08:41:00,28.0,59.0,19.2
43,2016-07-03 08:42:00,28.0,59.0,19.2
44,2016-07-03 08:43:00,28.0,59.0,19.2
45,2016-07-03 08:44:00,28.0,60.5,19.6
46,2016-07-03 08:45:00,28.0,65.0,20.8
47,2016-07-03 08:46:00,28.5,65.0,21.3
48,2016-07-03 08:47:00,28.5,64.5,21.1
49,2016-07-03 08:48:00,29.0,67.0,22.2
50,2016-07-03 08:49:00,29.0,68.0,22.5
51,2016-07-03 08:50:00,29.5,66.0,22.5
52,2016-07-03 08:51:00,29.5,65.0,22.2
53,2016-07-03 08:52:00,29.5,65.0,22.2
54,2016-07-03 08:53:00,30.0,66.0,22.9
55,2016-07-03 08:54:00,30.0,65.5,22.8
56,2016-07-03 08:55:00,30.0,65.0,22.7
57,2016-07-03 08:56:00,30.5,65.0,23.2
58,2016-07-03 08:57:00,30.5,64.0,22.9
59,2016-07-03 08:58:00,30.5,64.5,23.0
60,2016-07-03 08:59:00,30.5,61.5,22.3
61,2016-07-03 09:00:00,30.5,62.5,22.5
62,2016-07-03 09:01:00,30.5,61.5,22.3
63,2016-07-03 09:02:00,30.5,60.5,22.0
64,2016-07-03 09:03:00,30.5,60.0,21.8
65,2016-07-03 09:04:00,30.5,60.0,21.8
66,2016-07-03 09:05:00,30.5,61.0,22.1
67,2016-07-03 09:06:00,30.5,60.0,21.8
68,2016-07-03 09:07:00,30.5,60.5,22.0
69,2016-07-03 09:08:00,31.0,60.5,22.5
70,2016-07-03 09:09:00,31.0,59.5,22.2
71,2016-07-03 09:10:00,31.0,59.5,22.2
72,2016-07-03 09:11:00,31.0,60.0,22.3
73,2016-07-03 09:12:00,31.0,59.0,22.0
74,2016-07-03 09:13:00,31.5,59.0,22.5
75,2016-07-03 09:14:00,31.5,58.5,22.4
76,2016-07-03 09:15:00,31.5,57.5,22.1
77,2016-07-03 09:16:00,31.5,58.0,22.2
78,2016-07-03 09:17:00,31.5,60.0,22.8
79,2016-07-03 09:18:00,31.5,57.5,22.1
80,2016-07-03 09:19:00,32.0,56.5,22.3
81,2016-07-03 09:20:00,31.5,57.5,22.1
82,2016-07-03 09:21:00,31.5,57.0,21.9
83,2016-07-03 09:22:00,31.5,58.0,22.2
84,2016-07-03 09:23:00,31.5,61.0,23.1
85,2016-07-03 09:24:00,32.0,65.0,24.6
86,2016-07-03 09:25:00,32.0,60.5,23.4
87,2016-07-03 09:26:00,32.5,59.0,23.4
88,2016-07-03 09:27:00,33.0,56.5,23.2
89,2016-07-03 09:28:00,33.0,55.0,22.7
90,2016-07-03 09:29:00,33.5,55.5,23.4
91,2016-07-03 09:30:00,33.5,53.0,22.6
92,2016-07-03 09:31:00,33.5,53.0,22.6
93,2016-07-03 09:32:00,33.0,53.0,22.1
94,2016-07-03 09:33:00,33.0,54.5,22.6
95,2016-07-03 09:34:00,33.0,56.5,23.2
96,2016-07-03 09:35:00,33.0,58.0,23.6
97,2016-07-03 09:36:00,33.0,59.0,23.9
98,2016-07-03 09:37:00,33.0,60.0,24.2
99,2016-07-03 09:38:00,33.5,55.0,23.2
100,2016-07-03 09:39:00,33.0,54.5,22.6
101,2016-07-03 09:40:00,33.0,54.0,22.4
102,2016-07-03 09:41:00,33.0,53.5,22.3
103,2016-07-03 09:42:00,33.0,53.0,22.1
104,2016-07-03 09:43:00,33.0,53.0,22.1
105,2016-07-03 09:44:00,32.5,55.0,22.3
106,2016-07-03 09:45:00,32.5,55.0,22.3
107,2016-07-03 09:46:00,32.5,53.5,21.8
108,2016-07-03 09:47:00,32.5,53.5,21.8
109,2016-07-03 09:48:00,32.0,55.5,22.0
110,2016-07-03 09:49:00,32.0,55.5,22.0
111,2016-07-03 09:50:00,32.0,56.0,22.1
112,2016-07-03 09:51:00,32.0,56.5,22.3
113,2016-07-03 09:52:00,31.5,57.0,21.9
114,2016-07-03 09:53:00,31.5,57.0,21.9
115,2016-07-03 09:54:00,31.5,57.5,22.1
116,2016-07-03 09:55:00,31.5,57.0,21.9
117,2016-07-03 09:56:00,31.5,57.0,21.9
118,2016-07-03 09:57:00,31.5,57.0,21.9
119,2016-07-03 09:58:00,31.5,56.5,21.8
120,2016-07-03 09:59:00,31.5,56.5,21.8
121,2016-07-03 10:00:00,32.0,56.0,22.1
122,2016-07-03 10:01:00,32.0,56.5,22.3
123,2016-07-03 10:02:00,32.0,57.5,22.6
124,2016-07-03 10:03:00,32.0,57.5,22.6
125,2016-07-03 10:04:00,32.0,56.5,22.3
126,2016-07-03 10:05:00,32.0,57.0,22.4
127,2016-07-03 10:06:00,32.0,57.0,22.4
128,2016-07-03 10:07:00,32.0,57.5,22.6
129,2016-07-03 10:08:00,32.0,57.0,22.4
130,2016-07-03 10:09:00,32.0,57.5,22.6
131,2016-07-03 10:10:00,32.0,55.5,22.0
132,2016-07-03 10:11:00,31.5,55.5,21.5
133,2016-07-03 10:12:00,31.5,57.0,21.9
134,2016-07-03 10:13:00,31.5,57.5,22.1
135,2016-07-03 10:14:00,31.5,58.5,22.4
136,2016-07-03 10:15:00,31.5,61.0,23.1
137,2016-07-03 10:16:00,31.5,58.5,22.4
138,2016-07-03 10:17:00,31.5,57.0,21.9
139,2016-07-03 10:18:00,31.5,57.0,21.9
140,2016-07-03 10:19:00,32.0,57.0,22.4
141,2016-07-03 10:20:00,32.0,58.0,22.7
142,2016-07-03 10:21:00,32.0,57.0,22.4
143,2016-07-03 10:22:00,32.0,57.5,22.6
144,2016-07-03 10:23:00,32.0,57.5,22.6
145,2016-07-03 10:24:00,32.0,57.0,22.4
146,2016-07-03 10:25:00,32.0,56.5,22.3
147,2016-07-03 10:26:00,32.0,56.0,22.1
148,2016-07-03 10:27:00,31.5,57.5,22.1
149,2016-07-03 10:28:00,31.5,58.0,22.2
150,2016-07-03 10:29:00,31.5,57.5,22.1
151,2016-07-03 10:30:00,31.5,59.5,22.6
152,2016-07-03 10:31:00,32.0,57.5,22.6
153,2016-07-03 10:32:00,32.0,59.5,23.1
154,2016-07-03 10:33:00,32.0,59.0,23.0
155,2016-07-03 10:34:00,32.0,57.5,22.6
156,2016-07-03 10:35:00,32.0,58.0,22.7
157,2016-07-03 10:36:00,32.0,57.0,22.4
158,2016-07-03 10:37:00,32.5,57.0,22.9
159,2016-07-03 10:38:00,32.5,57.5,23.0
160,2016-07-03 10:39:00,32.5,58.0,23.2
161,2016-07-03 10:40:00,32.5,58.5,23.3
162,2016-07-03 10:41:00,32.5,56.5,22.7
163,2016-07-03 10:42:00,32.5,58.5,23.3
164,2016-07-03 10:43:00,32.5,58.5,23.3
165,2016-07-03 10:44:00,32.5,57.5,23.0
166,2016-07-03 10:45:00,32.5,58.0,23.2
167,2016-07-03 10:46:00,32.5,57.5,23.0
168,2016-07-03 10:47:00,32.5,58.5,23.3
169,2016-07-03 10:48:00,32.5,59.0,23.4
170,2016-07-03 10:49:00,33.0,59.5,24.0
171,2016-07-03 10:50:00,33.0,59.0,23.9
172,2016-07-03 10:51:00,33.0,58.5,23.8
173,2016-07-03 10:52:00,33.0,58.5,23.8
174,2016-07-03 10:53:00,33.0,58.5,23.8
175,2016-07-03 10:54:00,33.0,57.0,23.3
176,2016-07-03 10:55:00,33.0,62.0,24.7
177,2016-07-03 10:56:00,33.5,57.0,23.8
178,2016-07-03 10:57:00,33.0,55.5,22.9
179,2016-07-03 10:58:00,33.0,56.5,23.2
180,2016-07-03 10:59:00,33.0,55.0,22.7
181,2016-07-03 11:00:00,33.0,56.5,23.2
182,2016-07-03 11:01:00,33.0,56.0,23.0
183,2016-07-03 11:02:00,33.0,55.5,22.9
184,2016-07-03 11:03:00,32.5,54.0,22.0
185,2016-07-03 11:04:00,32.0,55.5,22.0
186,2016-07-03 11:05:00,32.0,59.5,23.1
187,2016-07-03 11:06:00,31.5,61.5,23.2
188,2016-07-03 11:07:00,31.5,62.0,23.3
189,2016-07-03 11:08:00,31.5,64.0,23.9
190,2016-07-03 11:09:00,31.5,64.0,23.9
191,2016-07-03 11:10:00,31.5,62.5,23.5
192,2016-07-03 11:11:00,31.5,59.5,22.6
193,2016-07-03 11:12:00,31.5,59.0,22.5
194,2016-07-03 11:13:00,31.5,61.0,23.1
195,2016-07-03 11:14:00,31.0,60.0,22.3
196,2016-07-03 11:15:00,31.0,61.0,22.6
197,2016-07-03 11:16:00,30.5,60.0,21.8
198,2016-07-03 11:17:00,30.5,62.0,22.4
199,2016-07-03 11:18:00,30.5,61.0,22.1
200,2016-07-03 11:19:00,30.5,61.0,22.1
201,2016-07-03 11:20:00,30.0,60.5,21.5
202,2016-07-03 11:21:00,30.0,61.0,21.7
203,2016-07-03 11:22:00,29.5,62.0,21.4
204,2016-07-03 11:23:00,29.5,64.0,22.0
205,2016-07-03 11:24:00,29.5,60.5,21.0
206,2016-07-03 11:25:00,29.0,60.0,20.4
207,2016-07-03 11:26:00,29.0,58.0,19.9
208,2016-07-03 11:27:00,28.5,61.0,20.2
209,2016-07-03 11:28:00,28.5,59.5,19.8
210,2016-07-03 11:29:00,28.5,59.5,19.8
211,2016-07-03 11:30:00,28.0,62.0,20.0
212,2016-07-03 11:31:00,28.0,61.5,19.9
213,2016-07-03 11:32:00,28.0,60.0,19.5
214,2016-07-03 11:33:00,28.0,62.0,20.0
215,2016-07-03 11:34:00,27.5,65.0,20.3
216,2016-07-03 11:35:00,27.5,63.0,19.8
217,2016-07-03 11:36:00,27.5,62.5,19.7
218,2016-07-03 11:37:00,27.5,62.0,19.6
219,2016-07-03 11:38:00,27.0,64.5,19.7
220,2016-07-03 11:39:00,27.0,65.0,19.9
221,2016-07-03 11:40:00,27.0,68.0,20.6
222,2016-07-03 11:41:00,27.5,70.0,21.5
223,2016-07-03 11:42:00,28.0,70.0,22.0
224,2016-07-03 11:43:00,28.5,70.0,22.5
225,2016-07-03 11:44:00,28.5,70.0,22.5
226,2016-07-03 11:45:00,29.0,67.5,22.4
227,2016-07-03 11:46:00,29.5,67.5,22.8
228,2016-07-03 11:47:00,29.5,65.0,22.2
229,2016-07-03 11:48:00,30.0,65.5,22.8
230,2016-07-03 11:49:00,30.0,65.0,22.7
231,2016-07-03 11:50:00,30.0,64.0,22.4
232,2016-07-03 11:51:00,30.5,64.0,22.9
233,2016-07-03 11:52:00,30.5,60.5,22.0
234,2016-07-03 11:53:00,30.5,60.0,21.8
235,2016-07-03 11:54:00,30.5,60.5,22.0
236,2016-07-03 11:55:00,30.5,62.5,22.5
237,2016-07-03 11:56:00,30.5,61.5,22.3
238,2016-07-03 11:57:00,31.0,61.5,22.7
239,2016-07-03 11:58:00,31.0,61.5,22.7
240,2016-07-03 11:59:00,31.5,63.0,23.6
241,2016-07-03 12:00:00,31.5,60.0,22.8
242,2016-07-03 12:01:00,31.5,58.5,22.4
243,2016-07-03 12:02:00,31.5,58.0,22.2
244,2016-07-03 12:03:00,32.0,67.5,25.2
245,2016-07-03 12:04:00,32.5,62.5,24.4
246,2016-07-03 12:05:00,32.5,58.5,23.3
247,2016-07-03 12:06:00,32.5,57.5,23.0
248,2016-07-03 12:07:00,32.5,57.0,22.9
249,2016-07-03 12:08:00,32.5,57.0,22.9
250,2016-07-03 12:09:00,32.0,57.0,22.4
251,2016-07-03 12:10:00,32.0,57.5,22.6
252,2016-07-03 12:11:00,32.0,57.5,22.6
253,2016-07-03 12:12:00,32.0,57.5,22.6
254,2016-07-03 12:13:00,32.0,57.5,22.6
255,2016-07-03 12:14:00,32.0,57.5,22.6
256,2016-07-03 12:15:00,32.0,57.5,22.6
257,2016-07-03 12:16:00,32.0,58.0,22.7
258,2016-07-03 12:17:00,32.0,58.5,22.8
259,2016-07-03 12:18:00,32.0,57.5,22.6
260,2016-07-03 12:19:00,32.0,57.0,22.4
261,2016-07-03 12:20:00,32.0,53.5,21.4
262,2016-07-03 12:21:00,32.0,53.5,21.4
263,2016-07-03 12:22:00,32.0,55.5,22.0
264,2016-07-03 12:23:00,32.0,56.5,22.3
265,2016-07-03 12:24:00,32.0,56.5,22.3
266,2016-07-03 12:25:00,32.5,56.0,22.6
267,2016-07-03 12:26:00,32.5,56.5,22.7
268,2016-07-03 12:27:00,32.5,55.5,22.4
269,2016-07-03 12:28:00,32.5,56.0,22.6
270,2016-07-03 12:29:00,33.0,56.0,23.0
271,2016-07-03 12:30:00,33.0,54.5,22.6
272,2016-07-03 12:31:00,33.0,54.0,22.4
273,2016-07-03 12:32:00,33.0,52.5,22.0
274,2016-07-03 12:33:00,32.5,52.5,21.5
275,2016-07-03 12:34:00,32.5,52.0,21.4
276,2016-07-03 12:35:00,32.5,51.5,21.2
277,2016-07-03 12:36:00,32.0,51.5,20.7
278,2016-07-03 12:37:00,32.0,51.5,20.7
279,2016-07-03 12:38:00,32.0,51.5,20.7
280,2016-07-03 12:39:00,32.0,51.5,20.7
281,2016-07-03 12:40:00,32.0,51.0,20.6
282,2016-07-03 12:41:00,31.5,51.0,20.1
283,2016-07-03 12:42:00,31.5,51.0,20.1
284,2016-07-03 12:43:00,31.5,51.0,20.1
285,2016-07-03 12:44:00,31.5,51.5,20.3
286,2016-07-03 12:45:00,31.5,51.5,20.3
287,2016-07-03 12:46:00,31.5,51.5,20.3
288,2016-07-03 12:47:00,31.5,51.5,20.3
289,2016-07-03 12:48:00,31.5,51.5,20.3
290,2016-07-03 12:49:00,31.0,51.5,19.8
291,2016-07-03 12:50:00,31.0,51.5,19.8
292,2016-07-03 12:51:00,31.0,52.0,20.0
293,2016-07-03 12:52:00,31.0,52.0,20.0
294,2016-07-03 12:53:00,31.0,52.0,20.0
295,2016-07-03 12:54:00,31.0,52.0,20.0
296,2016-07-03 12:55:00,31.0,52.0,20.0
297,2016-07-03 12:56:00,31.0,52.0,20.0
298,2016-07-03 12:57:00,31.0,52.0,20.0
299,2016-07-03 12:58:00,30.5,52.0,19.5
300,2016-07-03 12:59:00,30.5,52.0,19.5
301,2016-07-03 13:00:00,30.5,52.5,19.7
302,2016-07-03 13:01:00,30.5,52.5,19.7
303,2016-07-03 13:02:00,30.5,52.0,19.5
304,2016-07-03 13:03:00,30.5,52.5,19.7
305,2016-07-03 13:04:00,30.5,52.5,19.7
306,2016-07-03 13:05:00,30.5,52.5,19.7
307,2016-07-03 13:06:00,30.5,52.5,19.7
308,2016-07-03 13:07:00,30.5,52.5,19.7
309,2016-07-03 13:08:00,30.5,52.5,19.7
310,2016-07-03 13:09:00,30.0,52.5,19.2
311,2016-07-03 13:10:00,30.0,52.5,19.2
312,2016-07-03 13:11:00,30.0,52.5,19.2
313,2016-07-03 13:12:00,30.0,52.5,19.2
314,2016-07-03 13:13:00,30.0,52.5,19.2
315,2016-07-03 13:14:00,30.0,52.5,19.2
316,2016-07-03 13:15:00,30.0,52.5,19.2
317,2016-07-03 13:16:00,30.0,52.0,19.1
318,2016-07-03 13:17:00,30.0,52.0,19.1
319,2016-07-03 13:18:00,30.0,52.0,19.1
320,2016-07-03 13:19:00,30.0,51.5,18.9
321,2016-07-03 13:20:00,29.5,51.5,18.5
322,2016-07-03 13:21:00,29.5,51.5,18.5
323,2016-07-03 13:22:00,29.5,51.5,18.5
324,2016-07-03 13:23:00,29.5,51.5,18.5
325,2016-07-03 13:24:00,29.5,51.5,18.5
326,2016-07-03 13:25:00,29.5,51.5,18.5
327,2016-07-03 13:26:00,29.5,51.5,18.5
328,2016-07-03 13:27:00,29.5,51.5,18.5
329,2016-07-03 13:28:00,29.5,51.5,18.5
330,2016-07-03 13:29:00,29.5,51.5,18.5
331,2016-07-03 13:30:00,29.0,51.5,18.0
332,2016-07-03 13:31:00,29.0,51.5,18.0
333,2016-07-03 13:32:00,29.0,51.5,18.0
334,2016-07-03 13:33:00,29.0,51.5,18.0
335,2016-07-03 13:34:00,29.0,51.5,18.0
336,2016-07-03 13:35:00,29.0,51.5,18.0
337,2016-07-03 13:36:00,29.0,52.0,18.1
338,2016-07-03 13:37:00,29.0,52.5,18.3
339,2016-07-03 13:38:00,29.0,52.5,18.3
340,2016-07-03 13:39:00,29.0,52.5,18.3
341,2016-07-03 13:40:00,29.0,52.5,18.3
342,2016-07-03 13:41:00,29.0,53.0,18.4
343,2016-07-03 13:42:00,29.0,53.0,18.4
344,2016-07-03 13:43:00,29.0,52.5,18.3
345,2016-07-03 13:44:00,29.0,52.5,18.3
346,2016-07-03 13:45:00,29.0,52.5,18.3
347,2016-07-03 13:46:00,29.0,52.0,18.1
348,2016-07-03 13:47:00,28.5,52.0,17.7
349,2016-07-03 13:48:00,28.5,52.5,17.8
350,2016-07-03 13:49:00,28.5,52.5,17.8
351,2016-07-03 13:50:00,28.5,55.0,18.6
352,2016-07-03 13:51:00,28.5,61.5,20.4
353,2016-07-03 13:52:00,29.5,60.0,20.9
354,2016-07-03 13:53:00,30.0,55.0,20.0
355,2016-07-03 13:54:00,30.0,53.5,19.5
356,2016-07-03 13:55:00,30.0,54.0,19.7
357,2016-07-03 13:56:00,29.5,53.0,18.9
358,2016-07-03 13:57:00,29.5,56.0,19.8
359,2016-07-03 13:58:00,29.5,58.5,20.5
360,2016-07-03 13:59:00,30.0,60.5,21.5
361,2016-07-03 14:00:00,30.0,56.5,20.4
362,2016-07-03 14:01:00,30.0,55.0,20.0
363,2016-07-03 14:02:00,30.0,54.0,19.7
364,2016-07-03 14:03:00,30.0,53.5,19.5
365,2016-07-03 14:04:00,30.0,53.5,19.5
366,2016-07-03 14:05:00,30.0,52.5,19.2
367,2016-07-03 14:06:00,30.0,53.0,19.4
368,2016-07-03 14:07:00,29.5,52.5,18.8
369,2016-07-03 14:08:00,29.5,53.5,19.1
370,2016-07-03 14:09:00,29.5,53.5,19.1
371,2016-07-03 14:10:00,29.5,53.5,19.1
372,2016-07-03 14:11:00,29.5,53.0,18.9
373,2016-07-03 14:12:00,29.5,55.5,19.7
374,2016-07-03 14:13:00,30.0,58.0,20.8
375,2016-07-03 14:14:00,30.0,60.5,21.5
376,2016-07-03 14:15:00,30.5,62.5,22.5
377,2016-07-03 14:16:00,30.5,62.5,22.5
378,2016-07-03 14:17:00,31.0,61.5,22.7
379,2016-07-03 14:18:00,31.5,60.0,22.8
380,2016-07-03 14:19:00,32.0,58.5,22.8
381,2016-07-03 14:20:00,32.0,58.0,22.7
382,2016-07-03 14:21:00,32.5,57.0,22.9
383,2016-07-03 14:22:00,33.0,57.0,23.3
384,2016-07-03 14:23:00,33.0,56.0,23.0
385,2016-07-03 14:24:00,33.5,55.5,23.4
386,2016-07-03 14:25:00,33.5,55.0,23.2
387,2016-07-03 14:26:00,33.5,54.5,23.1
388,2016-07-03 14:27:00,34.0,53.5,23.2
389,2016-07-03 14:28:00,34.0,53.5,23.2
390,2016-07-03 14:29:00,34.0,50.0,22.1
391,2016-07-03 14:30:00,34.0,49.5,21.9
392,2016-07-03 14:31:00,33.5,48.5,21.1
393,2016-07-03 14:32:00,33.0,47.5,20.3
394,2016-07-03 14:33:00,33.0,47.0,20.2
395,2016-07-03 14:34:00,32.5,46.5,19.6
396,2016-07-03 14:35:00,32.0,47.0,19.3
397,2016-07-03 14:36:00,31.5,47.0,18.8
398,2016-07-03 14:37:00,31.5,47.5,19.0
399,2016-07-03 14:38:00,31.0,48.5,18.9
400,2016-07-03 14:39:00,31.0,49.0,19.0
401,2016-07-03 14:40:00,30.5,49.5,18.7
402,2016-07-03 14:41:00,30.5,49.5,18.7
403,2016-07-03 14:42:00,30.5,49.5,18.7
404,2016-07-03 14:43:00,30.5,50.0,18.9
405,2016-07-03 14:44:00,30.5,50.0,18.9
406,2016-07-03 14:45:00,30.0,50.0,18.4
407,2016-07-03 14:46:00,30.0,50.0,18.4
408,2016-07-03 14:47:00,30.0,50.5,18.6
409,2016-07-03 14:48:00,30.0,50.5,18.6
410,2016-07-03 14:49:00,30.0,50.5,18.6
411,2016-07-03 14:50:00,29.5,51.0,18.3
412,2016-07-03 14:51:00,29.5,51.0,18.3
413,2016-07-03 14:52:00,29.5,51.5,18.5
414,2016-07-03 14:53:00,29.5,51.5,18.5
415,2016-07-03 14:54:00,29.0,51.5,18.0
416,2016-07-03 14:55:00,29.0,51.5,18.0
417,2016-07-03 14:56:00,29.0,52.0,18.1
418,2016-07-03 14:57:00,29.0,52.0,18.1
419,2016-07-03 14:58:00,29.0,52.0,18.1
420,2016-07-03 14:59:00,29.0,52.5,18.3
421,2016-07-03 15:00:00,29.0,52.5,18.3
422,2016-07-03 15:01:00,28.5,53.0,18.0
423,2016-07-03 15:02:00,28.5,53.5,18.1
424,2016-07-03 15:03:00,28.5,53.5,18.1
425,2016-07-03 15:04:00,28.0,54.0,17.8
426,2016-07-03 15:05:00,28.0,54.0,17.8
427,2016-07-03 15:06:00,28.0,54.5,18.0
428,2016-07-03 15:07:00,28.0,54.5,18.0
429,2016-07-03 15:08:00,28.0,54.5,18.0
430,2016-07-03 15:09:00,28.0,54.5,18.0
431,2016-07-03 15:10:00,28.0,55.0,18.1
432,2016-07-03 15:11:00,27.5,55.5,17.8
433,2016-07-03 15:12:00,27.5,56.5,18.1
434,2016-07-03 15:13:00,27.5,58.5,18.6
435,2016-07-03 15:14:00,28.0,63.5,20.4
436,2016-07-03 15:15:00,28.5,64.5,21.1
437,2016-07-03 15:16:00,29.0,65.5,21.9
438,2016-07-03 15:17:00,29.5,63.5,21.8
439,2016-07-03 15:18:00,30.0,62.5,22.0
440,2016-07-03 15:19:00,30.5,62.0,22.4
441,2016-07-03 15:20:00,30.5,61.0,22.1
442,2016-07-03 15:21:00,31.0,60.0,22.3
443,2016-07-03 15:22:00,31.0,60.5,22.5
444,2016-07-03 15:23:00,31.5,60.5,22.9
445,2016-07-03 15:24:00,31.5,57.5,22.1
446,2016-07-03 15:25:00,31.5,54.5,21.2
447,2016-07-03 15:26:00,31.5,54.0,21.1
448,2016-07-03 15:27:00,31.0,55.0,20.9
449,2016-07-03 15:28:00,31.0,54.5,20.7
450,2016-07-03 15:29:00,30.5,54.5,20.3
451,2016-07-03 15:30:00,30.5,56.0,20.7
452,2016-07-03 15:31:00,30.5,56.0,20.7
453,2016-07-03 15:32:00,30.5,52.0,19.5
454,2016-07-03 15:33:00,30.0,51.5,18.9
455,2016-07-03 15:34:00,30.0,54.0,19.7
456,2016-07-03 15:35:00,30.0,54.5,19.8
457,2016-07-03 15:36:00,29.5,57.0,20.1
458,2016-07-03 15:37:00,29.5,59.5,20.8
459,2016-07-03 15:38:00,29.5,63.0,21.7
460,2016-07-03 15:39:00,30.0,63.5,22.3
461,2016-07-03 15:40:00,30.0,63.0,22.2
462,2016-07-03 15:41:00,30.5,62.0,22.4
463,2016-07-03 15:42:00,31.0,62.5,23.0
464,2016-07-03 15:43:00,31.5,60.0,22.8
465,2016-07-03 15:44:00,31.5,52.5,20.6
466,2016-07-03 15:45:00,31.5,51.0,20.1
467,2016-07-03 15:46:00,31.5,54.0,21.1
468,2016-07-03 15:47:00,31.5,57.5,22.1
469,2016-07-03 15:48:00,31.5,58.0,22.2
470,2016-07-03 15:49:00,31.5,58.0,22.2
471,2016-07-03 15:50:00,31.5,52.5,20.6
472,2016-07-03 15:51:00,31.5,51.5,20.3
473,2016-07-03 15:52:00,31.5,51.5,20.3
474,2016-07-03 15:53:00,31.0,51.5,19.8
475,2016-07-03 15:54:00,31.0,52.0,20.0
476,2016-07-03 15:55:00,30.5,51.5,19.4
477,2016-07-03 15:56:00,30.5,52.0,19.5
478,2016-07-03 15:57:00,30.5,52.0,19.5
479,2016-07-03 15:58:00,30.0,52.0,19.1
480,2016-07-03 15:59:00,30.0,52.5,19.2
481,2016-07-03 16:00:00,30.0,52.5,19.2
482,2016-07-03 16:01:00,30.0,52.5,19.2
483,2016-07-03 16:02:00,29.5,52.5,18.8
484,2016-07-03 16:03:00,29.5,52.5,18.8
485,2016-07-03 16:04:00,29.5,52.5,18.8
486,2016-07-03 16:05:00,29.5,53.0,18.9
487,2016-07-03 16:06:00,29.0,53.0,18.4
488,2016-07-03 16:07:00,29.0,53.0,18.4
489,2016-07-03 16:08:00,29.0,53.0,18.4
490,2016-07-03 16:09:00,29.0,53.5,18.6
491,2016-07-03 16:10:00,29.0,53.5,18.6
492,2016-07-03 16:11:00,29.0,53.5,18.6
493,2016-07-03 16:12:00,28.5,54.0,18.3
494,2016-07-03 16:13:00,28.5,54.0,18.3
495,2016-07-03 16:14:00,28.5,54.5,18.4
496,2016-07-03 16:15:00,28.5,54.5,18.4
497,2016-07-03 16:16:00,28.5,55.0,18.6
498,2016-07-03 16:17:00,28.5,54.5,18.4
499,2016-07-03 16:18:00,28.5,54.5,18.4
500,2016-07-03 16:19:00,28.0,54.5,18.0
501,2016-07-03 16:20:00,28.0,54.5,18.0
502,2016-07-03 16:21:00,28.0,55.0,18.1
503,2016-07-03 16:22:00,28.0,55.0,18.1
504,2016-07-03 16:23:00,28.0,56.0,18.4
505,2016-07-03 16:24:00,28.0,56.0,18.4
506,2016-07-03 16:25:00,28.0,56.0,18.4
507,2016-07-03 16:26:00,28.0,56.0,18.4
508,2016-07-03 16:27:00,28.0,56.5,18.5
509,2016-07-03 16:28:00,28.0,56.5,18.5
510,2016-07-03 16:29:00,28.0,56.5,18.5
511,2016-07-03 16:30:00,28.0,56.0,18.4
512,2016-07-03 16:31:00,28.0,56.5,18.5
513,2016-07-03 16:32:00,28.0,56.5,18.5
514,2016-07-03 16:33:00,28.0,56.0,18.4
515,2016-07-03 16:34:00,28.0,56.0,18.4
516,2016-07-03 16:35:00,28.0,56.5,18.5
517,2016-07-03 16:36:00,28.0,56.5,18.5
518,2016-07-03 16:37:00,28.0,56.5,18.5
519,2016-07-03 16:38:00,28.0,56.5,18.5
520,2016-07-03 16:39:00,28.0,56.5,18.5
521,2016-07-03 16:40:00,28.0,56.5,18.5
522,2016-07-03 16:41:00,28.0,56.5,18.5
523,2016-07-03 16:42:00,28.0,56.0,18.4
524,2016-07-03 16:43:00,28.0,56.0,18.4
525,2016-07-03 16:44:00,28.0,56.0,18.4
526,2016-07-03 16:45:00,28.0,56.5,18.5
527,2016-07-03 16:46:00,28.0,56.5,18.5
528,2016-07-03 16:47:00,28.0,56.5,18.5
529,2016-07-03 16:48:00,28.0,56.0,18.4
530,2016-07-03 16:49:00,28.0,56.0,18.4
531,2016-07-03 16:50:00,28.0,56.0,18.4
532,2016-07-03 16:51:00,28.0,56.0,18.4
533,2016-07-03 16:52:00,28.0,56.0,18.4
534,2016-07-03 16:53:00,28.0,56.0,18.4
535,2016-07-03 16:54:00,28.0,56.0,18.4
536,2016-07-03 16:55:00,28.0,56.0,18.4
537,2016-07-03 16:56:00,28.0,56.0,18.4
538,2016-07-03 16:57:00,28.0,56.0,18.4
539,2016-07-03 16:58:00,28.0,56.0,18.4
540,2016-07-03 16:59:00,28.0,56.0,18.4
541,2016-07-03 17:00:00,28.0,56.5,18.5
542,2016-07-03 17:01:00,27.5,56.0,17.9
543,2016-07-03 17:02:00,27.5,56.0,17.9
544,2016-07-03 17:03:00,27.5,56.0,17.9
545,2016-07-03 17:04:00,27.5,56.5,18.1
546,2016-07-03 17:05:00,27.5,56.5,18.1
547,2016-07-03 17:06:00,27.5,56.5,18.1
548,2016-07-03 17:07:00,27.5,56.5,18.1
549,2016-07-03 17:08:00,27.5,56.5,18.1
550,2016-07-03 17:09:00,27.5,56.5,18.1
551,2016-07-03 17:10:00,27.5,56.5,18.1
552,2016-07-03 17:11:00,27.5,56.5,18.1
553,2016-07-03 17:12:00,27.5,57.5,18.4
554,2016-07-03 17:13:00,27.5,57.5,18.4
555,2016-07-03 17:14:00,27.5,57.0,18.2
556,2016-07-03 17:15:00,27.5,56.0,17.9
557,2016-07-03 17:16:00,27.5,56.5,18.1
558,2016-07-03 17:17:00,27.5,61.0,19.3
559,2016-07-03 17:18:00,27.5,64.0,20.1
560,2016-07-03 17:19:00,28.0,65.5,20.9
561,2016-07-03 17:20:00,28.0,65.5,20.9
562,2016-07-03 17:21:00,28.5,64.0,21.0
563,2016-07-03 17:22:00,28.5,62.0,20.5
564,2016-07-03 17:23:00,28.5,61.0,20.2
565,2016-07-03 17:24:00,28.5,58.5,19.6
566,2016-07-03 17:25:00,28.5,56.5,19.0
567,2016-07-03 17:26:00,28.5,56.0,18.9
568,2016-07-03 17:27:00,28.5,55.5,18.7
569,2016-07-03 17:28:00,28.5,54.5,18.4
570,2016-07-03 17:29:00,28.5,54.0,18.3
571,2016-07-03 17:30:00,28.5,54.0,18.3
572,2016-07-03 17:31:00,28.0,53.5,17.7
573,2016-07-03 17:32:00,28.0,53.5,17.7
574,2016-07-03 17:33:00,28.0,53.0,17.5
575,2016-07-03 17:34:00,28.0,53.5,17.7
576,2016-07-03 17:35:00,28.0,53.0,17.5
577,2016-07-03 17:36:00,28.0,52.5,17.4
578,2016-07-03 17:37:00,28.0,53.0,17.5
579,2016-07-03 17:38:00,28.0,53.5,17.7
580,2016-07-03 17:39:00,28.0,54.0,17.8
581,2016-07-03 17:40:00,28.0,54.5,18.0
582,2016-07-03 17:41:00,28.0,54.5,18.0
583,2016-07-03 17:42:00,28.0,55.0,18.1
584,2016-07-03 17:43:00,28.0,55.5,18.3
585,2016-07-03 17:44:00,28.0,55.5,18.3
586,2016-07-03 17:45:00,28.0,55.0,18.1
587,2016-07-03 17:46:00,28.0,55.0,18.1
588,2016-07-03 17:47:00,28.0,55.0,18.1
589,2016-07-03 17:48:00,28.0,55.0,18.1
590,2016-07-03 17:49:00,28.0,55.0,18.1
591,2016-07-03 17:50:00,28.0,55.0,18.1
592,2016-07-03 17:51:00,28.0,55.5,18.3
593,2016-07-03 17:52:00,28.0,55.0,18.1
594,2016-07-03 17:53:00,28.0,55.0,18.1
595,2016-07-03 17:54:00,27.5,55.0,17.7
596,2016-07-03 17:55:00,27.5,56.0,17.9
597,2016-07-03 17:56:00,27.5,55.5,17.8
598,2016-07-03 17:57:00,27.5,55.0,17.7
599,2016-07-03 17:58:00,27.5,55.0,17.7
600,2016-07-03 17:59:00,27.5,55.0,17.7
601,2016-07-03 18:00:00,27.5,54.5,17.5
602,2016-07-03 18:01:00,27.5,54.5,17.5
603,2016-07-03 18:02:00,27.5,54.5,17.5
604,2016-07-03 18:03:00,27.5,54.5,17.5
605,2016-07-03 18:04:00,27.5,55.0,17.7
606,2016-07-03 18:05:00,27.5,55.5,17.8
607,2016-07-03 18:06:00,27.5,55.5,17.8
608,2016-07-03 18:07:00,27.5,56.0,17.9
609,2016-07-03 18:08:00,27.5,55.5,17.8
610,2016-07-03 18:09:00,27.5,55.0,17.7
611,2016-07-03 18:10:00,27.5,55.0,17.7
612,2016-07-03 18:11:00,27.5,55.5,17.8
613,2016-07-03 18:12:00,27.5,56.0,17.9
614,2016-07-03 18:13:00,27.0,56.5,17.6
615,2016-07-03 18:14:00,27.5,56.5,18.1
616,2016-07-03 18:15:00,27.5,56.5,18.1
617,2016-07-03 18:16:00,27.5,60.0,19.0
618,2016-07-03 18:17:00,27.5,62.0,19.6
619,2016-07-03 18:18:00,27.5,64.0,20.1
620,2016-07-03 18:19:00,28.0,63.5,20.4
621,2016-07-03 18:20:00,28.0,58.0,19.0
622,2016-07-03 18:21:00,28.0,55.0,18.1
623,2016-07-03 18:22:00,28.0,54.0,17.8
624,2016-07-03 18:23:00,28.0,53.0,17.5
625,2016-07-03 18:24:00,28.0,52.5,17.4
626,2016-07-03 18:25:00,27.5,51.5,16.6
627,2016-07-03 18:26:00,27.5,53.5,17.2
628,2016-07-03 18:27:00,27.5,59.0,18.8
629,2016-07-03 18:28:00,27.5,61.0,19.3
630,2016-07-03 18:29:00,28.0,63.0,20.3
631,2016-07-03 18:30:00,28.0,64.5,20.7
632,2016-07-03 18:31:00,28.0,65.5,20.9
633,2016-07-03 18:32:00,28.0,65.5,20.9
634,2016-07-03 18:33:00,28.0,66.0,21.1
635,2016-07-03 18:34:00,28.5,66.0,21.5
636,2016-07-03 18:35:00,28.5,66.0,21.5
637,2016-07-03 18:36:00,28.5,66.5,21.6
638,2016-07-03 18:37:00,28.5,66.5,21.6
639,2016-07-03 18:38:00,28.5,66.0,21.5
640,2016-07-03 18:39:00,29.0,66.0,22.0
641,2016-07-03 18:40:00,29.0,66.0,22.0
642,2016-07-03 18:41:00,29.0,65.5,21.9
643,2016-07-03 18:42:00,29.0,65.5,21.9
644,2016-07-03 18:43:00,29.0,65.5,21.9
645,2016-07-03 18:44:00,29.0,65.5,21.9
646,2016-07-03 18:45:00,29.0,65.5,21.9
647,2016-07-03 18:46:00,29.5,65.0,22.2
648,2016-07-03 18:47:00,29.5,65.0,22.2
649,2016-07-03 18:48:00,29.5,63.0,21.7
650,2016-07-03 18:49:00,29.5,63.5,21.8
651,2016-07-03 18:50:00,29.5,64.0,22.0
652,2016-07-03 18:51:00,29.5,64.5,22.1
653,2016-07-03 18:52:00,29.5,64.5,22.1
654,2016-07-03 18:53:00,29.5,64.5,22.1
655,2016-07-03 18:54:00,29.5,64.5,22.1
656,2016-07-03 18:55:00,29.5,64.0,22.0
657,2016-07-03 18:56:00,29.5,64.0,22.0
658,2016-07-03 18:57:00,30.0,64.5,22.6
659,2016-07-03 18:58:00,30.0,64.0,22.4
660,2016-07-03 18:59:00,30.0,64.0,22.4
661,2016-07-03 19:00:00,30.0,63.5,22.3
662,2016-07-03 19:01:00,30.0,63.5,22.3
663,2016-07-03 19:02:00,30.0,63.5,22.3
664,2016-07-03 19:03:00,30.0,63.5,22.3
665,2016-07-03 19:04:00,30.0,63.5,22.3
666,2016-07-03 19:05:00,30.0,63.5,22.3
667,2016-07-03 19:06:00,30.0,63.5,22.3
668,2016-07-03 19:07:00,30.0,63.5,22.3
669,2016-07-03 19:08:00,30.0,63.5,22.3
670,2016-07-03 19:09:00,30.0,63.5,22.3
671,2016-07-03 19:10:00,30.0,63.5,22.3
672,2016-07-03 19:11:00,30.0,63.5,22.3
673,2016-07-03 19:12:00,30.0,63.5,22.3
674,2016-07-03 19:13:00,30.0,63.5,22.3
675,2016-07-03 19:14:00,30.0,63.5,22.3
676,2016-07-03 19:15:00,30.0,63.5,22.3
677,2016-07-03 19:16:00,29.5,63.5,21.8
678,2016-07-03 19:17:00,29.5,63.5,21.8
679,2016-07-03 19:18:00,29.5,63.5,21.8
680,2016-07-03 19:19:00,29.5,63.5,21.8
681,2016-07-03 19:20:00,29.5,63.5,21.8
682,2016-07-03 19:21:00,29.5,63.5,21.8
683,2016-07-03 19:22:00,29.5,63.5,21.8
684,2016-07-03 19:23:00,29.5,63.5,21.8
685,2016-07-03 19:24:00,29.5,63.5,21.8
686,2016-07-03 19:25:00,29.5,64.0,22.0
687,2016-07-03 19:26:00,29.5,64.0,22.0
688,2016-07-03 19:27:00,29.5,64.0,22.0
689,2016-07-03 19:28:00,29.5,64.0,22.0
690,2016-07-03 19:29:00,29.5,64.0,22.0
691,2016-07-03 19:30:00,29.5,64.0,22.0
692,2016-07-03 19:31:00,29.5,64.0,22.0
693,2016-07-03 19:32:00,29.5,64.0,22.0
694,2016-07-03 19:33:00,29.5,64.0,22.0
695,2016-07-03 19:34:00,29.5,64.0,22.0
696,2016-07-03 19:35:00,29.5,64.0,22.0
697,2016-07-03 19:36:00,29.5,64.0,22.0
698,2016-07-03 19:37:00,29.5,64.0,22.0
699,2016-07-03 19:38:00,29.5,64.0,22.0
700,2016-07-03 19:39:00,29.5,64.0,22.0
701,2016-07-03 19:40:00,29.5,64.0,22.0
702,2016-07-03 19:41:00,29.5,64.0,22.0
703,2016-07-03 19:42:00,29.5,64.5,22.1
704,2016-07-03 19:43:00,29.5,64.5,22.1
705,2016-07-03 19:44:00,29.5,64.5,22.1
706,2016-07-03 19:45:00,29.5,64.5,22.1
707,2016-07-03 19:46:00,29.5,64.5,22.1
708,2016-07-03 19:47:00,29.5,64.5,22.1
709,2016-07-03 19:48:00,29.5,64.5,22.1
710,2016-07-03 19:49:00,29.5,64.5,22.1
711,2016-07-03 19:50:00,29.5,64.5,22.1
712,2016-07-03 19:51:00,29.5,64.5,22.1
713,2016-07-03 19:52:00,29.5,64.5,22.1
714,2016-07-03 19:53:00,29.5,64.5,22.1
715,2016-07-03 19:54:00,29.5,64.5,22.1
716,2016-07-03 19:55:00,29.5,64.5,22.1
717,2016-07-03 19:56:00,29.5,64.5,22.1
718,2016-07-03 19:57:00,29.5,64.5,22.1
719,2016-07-03 19:58:00,29.5,64.5,22.1
720,2016-07-03 19:59:00,29.5,64.5,22.1
721,2016-07-03 20:00:00,29.5,64.5,22.1
722,2016-07-03 20:01:00,29.5,65.0,22.2
723,2016-07-03 20:02:00,29.5,65.0,22.2
724,2016-07-03 20:03:00,29.5,65.0,22.2
725,2016-07-03 20:04:00,29.5,65.0,22.2
726,2016-07-03 20:05:00,29.5,65.0,22.2
727,2016-07-03 20:06:00,29.5,65.0,22.2
728,2016-07-03 20:07:00,29.5,65.0,22.2
729,2016-07-03 20:08:00,29.5,65.0,22.2
730,2016-07-03 20:09:00,29.5,65.0,22.2
731,2016-07-03 20:10:00,29.5,65.0,22.2
732,2016-07-03 20:11:00,29.5,65.0,22.2
733,2016-07-03 20:12:00,29.5,65.0,22.2
734,2016-07-03 20:13:00,29.5,65.0,22.2
735,2016-07-03 20:14:00,29.5,65.0,22.2
736,2016-07-03 20:15:00,29.5,65.0,22.2
737,2016-07-03 20:16:00,29.5,65.0,22.2
738,2016-07-03 20:17:00,29.5,65.0,22.2
739,2016-07-03 20:18:00,29.5,65.0,22.2
740,2016-07-03 20:19:00,29.5,65.0,22.2
741,2016-07-03 20:20:00,29.5,65.0,22.2
742,2016-07-03 20:21:00,29.5,65.0,22.2
743,2016-07-03 20:22:00,29.5,65.0,22.2
744,2016-07-03 20:23:00,29.5,65.0,22.2
745,2016-07-03 20:24:00,29.5,65.0,22.2
746,2016-07-03 20:25:00,29.5,65.0,22.2
747,2016-07-03 20:26:00,29.5,65.0,22.2
748,2016-07-03 20:27:00,29.5,65.0,22.2
749,2016-07-03 20:28:00,29.5,65.0,22.2
750,2016-07-03 20:29:00,29.5,65.0,22.2
751,2016-07-03 20:30:00,29.5,65.0,22.2
752,2016-07-03 20:31:00,29.5,65.0,22.2
753,2016-07-03 20:32:00,29.5,65.0,22.2
754,2016-07-03 20:33:00,29.5,65.0,22.2
755,2016-07-03 20:34:00,29.5,65.0,22.2
756,2016-07-03 20:35:00,29.5,65.0,22.2
757,2016-07-03 20:36:00,29.5,65.0,22.2
758,2016-07-03 20:37:00,29.5,65.0,22.2
759,2016-07-03 20:38:00,29.5,65.0,22.2
760,2016-07-03 20:39:00,29.5,65.0,22.2
761,2016-07-03 20:40:00,29.5,65.0,22.2
762,2016-07-03 20:41:00,29.5,65.0,22.2
763,2016-07-03 20:42:00,29.5,65.0,22.2
764,2016-07-03 20:43:00,29.5,65.0,22.2
765,2016-07-03 20:44:00,29.5,65.0,22.2
766,2016-07-03 20:45:00,29.5,65.0,22.2
767,2016-07-03 20:46:00,29.5,65.0,22.2
768,2016-07-03 20:47:00,29.5,65.0,22.2
769,2016-07-03 20:48:00,29.5,65.0,22.2
770,2016-07-03 20:49:00,29.5,65.0,22.2
771,2016-07-03 20:50:00,29.5,65.0,22.2
772,2016-07-03 20:51:00,29.5,65.0,22.2
773,2016-07-03 20:52:00,29.5,65.0,22.2
774,2016-07-03 20:53:00,29.5,65.0,22.2
775,2016-07-03 20:54:00,29.5,65.0,22.2
776,2016-07-03 20:55:00,29.5,65.0,22.2
777,2016-07-03 20:56:00,29.5,65.0,22.2
778,2016-07-03 20:57:00,29.5,65.0,22.2
779,2016-07-03 20:58:00,29.5,65.0,22.2
780,2016-07-03 20:59:00,29.5,65.0,22.2
781,2016-07-03 21:00:00,29.5,65.5,22.3
782,2016-07-03 21:01:00,29.5,65.5,22.3
783,2016-07-03 21:02:00,29.0,65.5,21.9
784,2016-07-03 21:03:00,29.0,65.5,21.9
785,2016-07-03 21:04:00,29.0,65.5,21.9
786,2016-07-03 21:05:00,29.0,65.5,21.9
787,2016-07-03 21:06:00,29.0,65.5,21.9
788,2016-07-03 21:07:00,29.0,65.5,21.9
789,2016-07-03 21:08:00,29.0,65.5,21.9
790,2016-07-03 21:09:00,29.0,65.5,21.9
791,2016-07-03 21:10:00,29.0,65.5,21.9
792,2016-07-03 21:11:00,29.0,65.5,21.9
793,2016-07-03 21:12:00,29.0,65.5,21.9
794,2016-07-03 21:13:00,29.0,65.5,21.9
795,2016-07-03 21:14:00,29.0,65.5,21.9
796,2016-07-03 21:15:00,29.0,65.5,21.9
797,2016-07-03 21:16:00,29.0,65.5,21.9
798,2016-07-03 21:17:00,29.0,65.5,21.9
799,2016-07-03 21:18:00,29.0,65.5,21.9
800,2016-07-03 21:19:00,29.0,65.5,21.9
801,2016-07-03 21:20:00,29.0,65.5,21.9
802,2016-07-03 21:21:00,29.0,65.5,21.9
803,2016-07-03 21:22:00,29.0,65.5,21.9
804,2016-07-03 21:23:00,29.0,65.5,21.9
805,2016-07-03 21:24:00,29.0,65.5,21.9
806,2016-07-03 21:25:00,29.0,65.5,21.9
807,2016-07-03 21:26:00,29.0,65.5,21.9
808,2016-07-03 21:27:00,29.0,65.5,21.9
809,2016-07-03 21:28:00,29.0,65.5,21.9
810,2016-07-03 21:29:00,29.0,65.5,21.9
811,2016-07-03 21:30:00,29.0,65.5,21.9
812,2016-07-03 21:31:00,29.0,65.5,21.9
813,2016-07-03 21:32:00,29.0,65.5,21.9
814,2016-07-03 21:33:00,29.0,65.5,21.9
815,2016-07-03 21:34:00,29.0,65.5,21.9
816,2016-07-03 21:35:00,29.0,65.5,21.9
817,2016-07-03 21:36:00,29.0,65.5,21.9
818,2016-07-03 21:37:00,29.0,65.5,21.9
819,2016-07-03 21:38:00,29.0,65.5,21.9
820,2016-07-03 21:39:00,29.0,65.5,21.9
821,2016-07-03 21:40:00,29.0,65.5,21.9
822,2016-07-03 21:41:00,29.0,65.5,21.9
823,2016-07-03 21:42:00,29.0,65.5,21.9
824,2016-07-03 21:43:00,29.0,65.5,21.9
825,2016-07-03 21:44:00,29.0,65.5,21.9
826,2016-07-03 21:45:00,29.0,65.5,21.9
827,2016-07-03 21:46:00,29.0,65.5,21.9
828,2016-07-03 21:47:00,29.0,65.5,21.9
829,2016-07-03 21:48:00,29.0,65.5,21.9
830,2016-07-03 21:49:00,29.0,65.5,21.9
831,2016-07-03 21:50:00,29.0,65.5,21.9
832,2016-07-03 21:51:00,29.0,65.5,21.9
833,2016-07-03 21:52:00,29.0,65.5,21.9
834,2016-07-03 21:53:00,29.0,65.5,21.9
835,2016-07-03 21:54:00,29.0,65.5,21.9
836,2016-07-03 21:55:00,29.0,65.5,21.9
837,2016-07-03 21:56:00,29.0,65.5,21.9
838,2016-07-03 21:57:00,29.0,65.5,21.9
839,2016-07-03 21:58:00,29.0,65.5,21.9
840,2016-07-03 21:59:00,29.0,65.5,21.9
841,2016-07-03 22:00:00,29.0,65.5,21.9
842,2016-07-03 22:01:00,29.0,65.5,21.9
843,2016-07-03 22:02:00,29.0,65.5,21.9
844,2016-07-03 22:03:00,29.0,65.5,21.9
845,2016-07-03 22:04:00,29.0,65.5,21.9
846,2016-07-03 22:05:00,29.0,65.5,21.9
847,2016-07-03 22:06:00,29.0,65.5,21.9
848,2016-07-03 22:07:00,29.0,65.5,21.9
849,2016-07-03 22:08:00,29.0,65.5,21.9
850,2016-07-03 22:09:00,29.0,65.5,21.9
851,2016-07-03 22:10:00,29.0,65.5,21.9
852,2016-07-03 22:11:00,29.0,65.5,21.9
853,2016-07-03 22:12:00,29.0,65.5,21.9
854,2016-07-03 22:13:00,29.0,65.5,21.9
855,2016-07-03 22:14:00,29.0,65.5,21.9
856,2016-07-03 22:15:00,29.0,65.5,21.9
857,2016-07-03 22:16:00,29.0,65.5,21.9
858,2016-07-03 22:17:00,29.0,65.5,21.9
859,2016-07-03 22:18:00,29.0,65.5,21.9
860,2016-07-03 22:19:00,29.0,65.5,21.9
861,2016-07-03 22:20:00,29.0,65.5,21.9
862,2016-07-03 22:21:00,29.0,65.5,21.9
863,2016-07-03 22:22:00,29.0,66.0,22.0
864,2016-07-03 22:23:00,29.0,66.0,22.0
865,2016-07-03 22:24:00,29.0,66.0,22.0
866,2016-07-03 22:25:00,29.0,66.0,22.0
867,2016-07-03 22:26:00,29.0,66.0,22.0
868,2016-07-03 22:27:00,29.0,66.0,22.0
869,2016-07-03 22:28:00,29.0,66.0,22.0
870,2016-07-03 22:29:00,29.0,66.0,22.0
871,2016-07-03 22:30:00,29.0,66.0,22.0
872,2016-07-03 22:31:00,29.0,66.0,22.0
873,2016-07-03 22:32:00,29.0,66.0,22.0
874,2016-07-03 22:33:00,29.0,66.0,22.0
875,2016-07-03 22:34:00,29.0,66.0,22.0
876,2016-07-03 22:35:00,29.0,66.0,22.0
877,2016-07-03 22:36:00,29.0,66.0,22.0
878,2016-07-03 22:37:00,29.0,66.0,22.0
879,2016-07-03 22:38:00,29.0,66.0,22.0
880,2016-07-03 22:39:00,29.0,66.0,22.0
881,2016-07-03 22:40:00,29.0,66.0,22.0
882,2016-07-03 22:41:00,29.0,66.0,22.0
883,2016-07-03 22:42:00,29.0,66.0,22.0
884,2016-07-03 22:43:00,29.0,66.0,22.0
885,2016-07-03 22:44:00,29.0,66.0,22.0
886,2016-07-03 22:45:00,29.0,66.0,22.0
887,2016-07-03 22:46:00,29.0,66.0,22.0
888,2016-07-03 22:47:00,29.0,66.0,22.0
889,2016-07-03 22:48:00,29.0,66.0,22.0
890,2016-07-03 22:49:00,29.0,66.0,22.0
891,2016-07-03 22:50:00,29.0,66.0,22.0
892,2016-07-03 22:51:00,29.0,66.0,22.0
893,2016-07-03 22:52:00,29.0,66.0,22.0
894,2016-07-03 22:53:00,29.0,66.0,22.0
895,2016-07-03 22:54:00,29.0,66.0,22.0
896,2016-07-03 22:55:00,29.0,66.0,22.0
897,2016-07-03 22:56:00,29.0,66.0,22.0
898,2016-07-03 22:57:00,29.0,66.0,22.0
899,2016-07-03 22:58:00,29.0,66.0,22.0
900,2016-07-03 22:59:00,29.0,66.0,22.0
901,2016-07-03 23:00:00,29.0,66.0,22.0
902,2016-07-03 23:01:00,29.0,66.0,22.0
903,2016-07-03 23:02:00,29.0,66.0,22.0
904,2016-07-03 23:03:00,29.0,66.0,22.0
905,2016-07-03 23:04:00,29.0,66.0,22.0
906,2016-07-03 23:05:00,29.0,66.0,22.0
907,2016-07-03 23:06:00,29.0,66.0,22.0
908,2016-07-03 23:07:00,29.0,66.0,22.0
909,2016-07-03 23:08:00,29.0,66.0,22.0
910,2016-07-03 23:09:00,29.0,66.0,22.0
911,2016-07-03 23:10:00,29.0,66.0,22.0
912,2016-07-03 23:11:00,29.0,66.0,22.0
913,2016-07-03 23:12:00,29.0,66.0,22.0
914,2016-07-03 23:13:00,29.0,66.0,22.0
915,2016-07-03 23:14:00,29.0,66.0,22.0
916,2016-07-03 23:15:00,29.0,66.0,22.0
917,2016-07-03 23:16:00,29.0,66.0,22.0
918,2016-07-03 23:17:00,29.0,66.0,22.0
919,2016-07-03 23:18:00,29.0,66.5,22.1
920,2016-07-03 23:19:00,29.0,66.5,22.1
921,2016-07-03 23:20:00,29.0,66.5,22.1
922,2016-07-03 23:21:00,29.0,66.5,22.1
923,2016-07-03 23:22:00,29.0,66.5,22.1
924,2016-07-03 23:23:00,29.0,66.5,22.1
925,2016-07-03 23:24:00,29.0,66.5,22.1
926,2016-07-03 23:25:00,29.0,66.5,22.1
927,2016-07-03 23:26:00,29.0,66.5,22.1
928,2016-07-03 23:27:00,29.0,66.5,22.1
929,2016-07-03 23:28:00,29.0,66.5,22.1
930,2016-07-03 23:29:00,29.0,66.5,22.1
931,2016-07-03 23:30:00,29.0,66.5,22.1
932,2016-07-03 23:31:00,29.0,66.5,22.1
933,2016-07-03 23:32:00,29.0,66.5,22.1
934,2016-07-03 23:33:00,29.0,66.5,22.1
935,2016-07-03 23:34:00,29.0,66.5,22.1
936,2016-07-03 23:35:00,29.0,66.5,22.1
937,2016-07-03 23:36:00,29.0,66.5,22.1
938,2016-07-03 23:37:00,29.0,66.5,22.1
939,2016-07-03 23:38:00,29.0,66.5,22.1
940,2016-07-03 23:39:00,29.0,66.5,22.1
941,2016-07-03 23:40:00,29.0,66.5,22.1
942,2016-07-03 23:41:00,29.0,66.5,22.1
943,2016-07-03 23:42:00,29.0,66.5,22.1
944,2016-07-03 23:43:00,29.0,66.5,22.1
945,2016-07-03 23:44:00,29.0,66.5,22.1
946,2016-07-03 23:45:00,29.0,66.5,22.1
947,2016-07-03 23:46:00,29.0,66.5,22.1
948,2016-07-03 23:47:00,29.0,66.5,22.1
949,2016-07-03 23:48:00,29.0,66.5,22.1
950,2016-07-03 23:49:00,29.0,66.5,22.1
951,2016-07-03 23:50:00,29.0,66.5,22.1
952,2016-07-03 23:51:00,29.0,66.5,22.1
953,2016-07-03 23:52:00,29.0,66.5,22.1
954,2016-07-03 23:53:00,29.0,66.5,22.1
955,2016-07-03 23:54:00,29.0,66.5,22.1
956,2016-07-03 23:55:00,29.0,66.5,22.1
957,2016-07-03 23:56:00,29.0,66.5,22.1
958,2016-07-03 23:57:00,29.0,66.5,22.1
959,2016-07-03 23:58:00,29.0,66.5,22.1
960,2016-07-03 23:59:00,29.0,66.5,22.1
961,2016-07-04 00:00:00,29.0,66.5,22.1
962,2016-07-04 00:01:00,29.0,66.5,22.1
963,2016-07-04 00:02:00,29.0,66.5,22.1
964,2016-07-04 00:03:00,29.0,66.5,22.1
965,2016-07-04 00:04:00,29.0,66.5,22.1
966,2016-07-04 00:05:00,29.0,66.5,22.1
967,2016-07-04 00:06:00,29.0,66.5,22.1
968,2016-07-04 00:07:00,29.0,66.5,22.1
969,2016-07-04 00:08:00,29.0,66.5,22.1
970,2016-07-04 00:09:00,29.0,66.5,22.1
971,2016-07-04 00:10:00,29.0,66.5,22.1
972,2016-07-04 00:11:00,29.0,66.5,22.1
973,2016-07-04 00:12:00,29.0,67.0,22.2
974,2016-07-04 00:13:00,29.0,67.0,22.2
975,2016-07-04 00:14:00,29.0,67.0,22.2
976,2016-07-04 00:15:00,29.0,67.0,22.2
977,2016-07-04 00:16:00,29.0,67.0,22.2
978,2016-07-04 00:17:00,29.0,67.0,22.2
979,2016-07-04 00:18:00,29.0,67.0,22.2
980,2016-07-04 00:19:00,29.0,67.0,22.2
981,2016-07-04 00:20:00,29.0,67.0,22.2
982,2016-07-04 00:21:00,29.0,67.0,22.2
983,2016-07-04 00:22:00,29.0,67.0,22.2
984,2016-07-04 00:23:00,29.0,67.0,22.2
985,2016-07-04 00:24:00,29.0,67.0,22.2
986,2016-07-04 00:25:00,29.0,67.0,22.2
987,2016-07-04 00:26:00,29.0,67.0,22.2
988,2016-07-04 00:27:00,29.0,67.0,22.2
989,2016-07-04 00:28:00,29.0,67.0,22.2
990,2016-07-04 00:29:00,29.0,67.0,22.2
991,2016-07-04 00:30:00,29.0,67.0,22.2
992,2016-07-04 00:31:00,29.0,67.0,22.2
993,2016-07-04 00:32:00,29.0,67.0,22.2
994,2016-07-04 00:33:00,29.0,67.0,22.2
995,2016-07-04 00:34:00,29.0,67.0,22.2
996,2016-07-04 00:35:00,29.0,67.0,22.2
997,2016-07-04 00:36:00,29.0,67.0,22.2
998,2016-07-04 00:37:00,29.0,67.0,22.2
999,2016-07-04 00:38:00,29.0,67.0,22.2
1000,2016-07-04 00:39:00,29.0,67.0,22.2
1001,2016-07-04 00:40:00,29.0,67.0,22.2
1002,2016-07-04 00:41:00,29.0,67.0,22.2
1003,2016-07-04 00:42:00,29.0,67.0,22.2
1004,2016-07-04 00:43:00,29.0,67.0,22.2
1005,2016-07-04 00:44:00,29.0,67.0,22.2
1006,2016-07-04 00:45:00,29.0,67.0,22.2
1007,2016-07-04 00:46:00,29.0,67.5,22.4
1008,2016-07-04 00:47:00,29.0,67.5,22.4
1009,2016-07-04 00:48:00,29.0,67.5,22.4
1010,2016-07-04 00:49:00,29.0,67.5,22.4
1011,2016-07-04 00:50:00,29.0,67.5,22.4
1012,2016-07-04 00:51:00,29.0,67.5,22.4
1013,2016-07-04 00:52:00,29.0,67.5,22.4
1014,2016-07-04 00:53:00,29.0,67.5,22.4
1015,2016-07-04 00:54:00,29.0,67.5,22.4
1016,2016-07-04 00:55:00,29.0,67.5,22.4
1017,2016-07-04 00:56:00,29.0,67.5,22.4
1018,2016-07-04 00:57:00,29.0,67.5,22.4
1019,2016-07-04 00:58:00,29.0,67.5,22.4
1020,2016-07-04 00:59:00,29.0,67.5,22.4
1021,2016-07-04 01:00:00,29.0,67.5,22.4
1022,2016-07-04 01:01:00,29.0,67.5,22.4
1023,2016-07-04 01:02:00,29.0,67.5,22.4
1024,2016-07-04 01:03:00,29.0,67.5,22.4
1025,2016-07-04 01:04:00,29.0,67.5,22.4
1026,2016-07-04 01:05:00,29.0,67.5,22.4
1027,2016-07-04 01:06:00,29.0,67.5,22.4
1028,2016-07-04 01:07:00,29.0,67.5,22.4
1029,2016-07-04 01:08:00,29.0,67.5,22.4
1030,2016-07-04 01:09:00,29.0,67.5,22.4
1031,2016-07-04 01:10:00,29.0,67.5,22.4
1032,2016-07-04 01:11:00,29.0,67.5,22.4
1033,2016-07-04 01:12:00,29.0,67.5,22.4
1034,2016-07-04 01:13:00,29.0,67.5,22.4
1035,2016-07-04 01:14:00,29.0,67.5,22.4
1036,2016-07-04 01:15:00,29.0,67.5,22.4
1037,2016-07-04 01:16:00,29.0,67.5,22.4
1038,2016-07-04 01:17:00,29.0,67.5,22.4
1039,2016-07-04 01:18:00,29.0,67.5,22.4
1040,2016-07-04 01:19:00,29.0,67.5,22.4
1041,2016-07-04 01:20:00,29.0,67.5,22.4
1042,2016-07-04 01:21:00,29.0,67.5,22.4
1043,2016-07-04 01:22:00,29.0,67.5,22.4
1044,2016-07-04 01:23:00,29.0,67.5,22.4
1045,2016-07-04 01:24:00,29.0,67.5,22.4
1046,2016-07-04 01:25:00,29.0,67.5,22.4
1047,2016-07-04 01:26:00,29.0,67.5,22.4
1048,2016-07-04 01:27:00,29.0,67.5,22.4
1049,2016-07-04 01:28:00,29.0,67.5,22.4
1050,2016-07-04 01:29:00,29.0,67.5,22.4
1051,2016-07-04 01:30:00,29.0,67.5,22.4
1052,2016-07-04 01:31:00,29.0,67.5,22.4
1053,2016-07-04 01:32:00,29.0,67.5,22.4
1054,2016-07-04 01:33:00,29.0,67.5,22.4
1055,2016-07-04 01:34:00,29.0,67.5,22.4
1056,2016-07-04 01:35:00,29.0,67.5,22.4
1057,2016-07-04 01:36:00,29.0,67.5,22.4
1058,2016-07-04 01:37:00,29.0,67.5,22.4
1059,2016-07-04 01:38:00,29.0,67.5,22.4
1060,2016-07-04 01:39:00,29.0,67.5,22.4
1061,2016-07-04 01:40:00,29.0,67.5,22.4
1062,2016-07-04 01:41:00,29.0,67.5,22.4
1063,2016-07-04 01:42:00,29.0,67.5,22.4
1064,2016-07-04 01:43:00,29.0,67.5,22.4
1065,2016-07-04 01:44:00,29.0,67.5,22.4
1066,2016-07-04 01:45:00,29.0,67.5,22.4
1067,2016-07-04 01:46:00,29.0,67.5,22.4
1068,2016-07-04 01:47:00,29.0,67.5,22.4
1069,2016-07-04 01:48:00,29.0,67.5,22.4
1070,2016-07-04 01:49:00,29.0,67.5,22.4
1071,2016-07-04 01:50:00,29.0,67.5,22.4
1072,2016-07-04 01:51:00,29.0,67.5,22.4
1073,2016-07-04 01:52:00,29.0,67.5,22.4
1074,2016-07-04 01:53:00,29.0,67.5,22.4
1075,2016-07-04 01:54:00,29.0,67.5,22.4
1076,2016-07-04 01:55:00,29.0,67.5,22.4
1077,2016-07-04 01:56:00,29.0,67.5,22.4
1078,2016-07-04 01:57:00,29.0,67.5,22.4
1079,2016-07-04 01:58:00,29.0,67.5,22.4
1080,2016-07-04 01:59:00,29.0,67.5,22.4
1081,2016-07-04 02:00:00,29.0,67.5,22.4
1082,2016-07-04 02:01:00,29.0,67.5,22.4
1083,2016-07-04 02:02:00,29.0,67.5,22.4
1084,2016-07-04 02:03:00,29.0,67.5,22.4
1085,2016-07-04 02:04:00,29.0,67.5,22.4
1086,2016-07-04 02:05:00,29.0,67.5,22.4
1087,2016-07-04 02:06:00,29.0,67.5,22.4
1088,2016-07-04 02:07:00,29.0,67.5,22.4
1089,2016-07-04 02:08:00,29.0,67.5,22.4
1090,2016-07-04 02:09:00,29.0,67.5,22.4
1091,2016-07-04 02:10:00,29.0,67.5,22.4
1092,2016-07-04 02:11:00,29.0,67.5,22.4
1093,2016-07-04 02:12:00,29.0,67.5,22.4
1094,2016-07-04 02:13:00,29.0,67.5,22.4
1095,2016-07-04 02:14:00,29.0,67.5,22.4
1096,2016-07-04 02:15:00,29.0,67.5,22.4
1097,2016-07-04 02:16:00,29.0,68.0,22.5
1098,2016-07-04 02:17:00,29.0,68.0,22.5
1099,2016-07-04 02:18:00,29.0,68.0,22.5
1100,2016-07-04 02:19:00,29.0,68.0,22.5
1101,2016-07-04 02:20:00,29.0,68.0,22.5
1102,2016-07-04 02:21:00,29.0,68.0,22.5
1103,2016-07-04 02:22:00,29.0,68.0,22.5
1104,2016-07-04 02:23:00,29.0,68.0,22.5
1105,2016-07-04 02:24:00,29.0,68.0,22.5
1106,2016-07-04 02:25:00,29.0,68.0,22.5
1107,2016-07-04 02:26:00,29.0,68.0,22.5
1108,2016-07-04 02:27:00,29.0,68.0,22.5
1109,2016-07-04 02:28:00,29.0,68.0,22.5
1110,2016-07-04 02:29:00,29.0,68.0,22.5
1111,2016-07-04 02:30:00,29.0,68.0,22.5
1112,2016-07-04 02:31:00,29.0,68.0,22.5
1113,2016-07-04 02:32:00,29.0,68.0,22.5
1114,2016-07-04 02:33:00,29.0,68.0,22.5
1115,2016-07-04 02:34:00,29.0,68.0,22.5
1116,2016-07-04 02:35:00,29.0,68.0,22.5
1117,2016-07-04 02:36:00,29.0,68.0,22.5
1118,2016-07-04 02:37:00,29.0,68.0,22.5
1119,2016-07-04 02:38:00,29.0,68.0,22.5
1120,2016-07-04 02:39:00,29.0,68.0,22.5
1121,2016-07-04 02:40:00,29.0,68.0,22.5
1122,2016-07-04 02:41:00,29.0,68.0,22.5
1123,2016-07-04 02:42:00,29.0,68.0,22.5
1124,2016-07-04 02:43:00,29.0,68.0,22.5
1125,2016-07-04 02:44:00,29.0,68.0,22.5
1126,2016-07-04 02:45:00,29.0,68.0,22.5
1127,2016-07-04 02:46:00,29.0,68.0,22.5
1128,2016-07-04 02:47:00,29.0,68.0,22.5
1129,2016-07-04 02:48:00,29.0,68.0,22.5
1130,2016-07-04 02:49:00,29.0,68.0,22.5
1131,2016-07-04 02:50:00,29.0,68.0,22.5
1132,2016-07-04 02:51:00,28.5,68.0,22.0
1133,2016-07-04 02:52:00,28.5,68.0,22.0
1134,2016-07-04 02:53:00,28.5,68.0,22.0
1135,2016-07-04 02:54:00,28.5,68.0,22.0
1136,2016-07-04 02:55:00,28.5,68.0,22.0
1137,2016-07-04 02:56:00,28.5,68.0,22.0
1138,2016-07-04 02:57:00,28.5,68.0,22.0
1139,2016-07-04 02:58:00,28.5,68.0,22.0
1140,2016-07-04 02:59:00,28.5,68.0,22.0
1141,2016-07-04 03:00:00,28.5,68.0,22.0
1142,2016-07-04 03:01:00,28.5,68.0,22.0
1143,2016-07-04 03:02:00,28.5,68.0,22.0
1144,2016-07-04 03:03:00,28.5,68.0,22.0
1145,2016-07-04 03:04:00,28.5,68.0,22.0
1146,2016-07-04 03:05:00,28.5,68.0,22.0
1147,2016-07-04 03:06:00,28.5,68.0,22.0
1148,2016-07-04 03:07:00,28.5,68.0,22.0
1149,2016-07-04 03:08:00,28.5,68.0,22.0
1150,2016-07-04 03:09:00,28.5,68.0,22.0
1151,2016-07-04 03:10:00,28.5,68.0,22.0
1152,2016-07-04 03:11:00,28.5,68.0,22.0
1153,2016-07-04 03:12:00,28.5,68.0,22.0
1154,2016-07-04 03:13:00,28.5,68.0,22.0
1155,2016-07-04 03:14:00,28.5,68.0,22.0
1156,2016-07-04 03:15:00,28.5,68.0,22.0
1157,2016-07-04 03:16:00,28.5,68.0,22.0
1158,2016-07-04 03:17:00,28.5,68.0,22.0
1159,2016-07-04 03:18:00,28.5,68.0,22.0
1160,2016-07-04 03:19:00,28.5,68.0,22.0
1161,2016-07-04 03:20:00,28.5,68.0,22.0
1162,2016-07-04 03:21:00,28.5,68.0,22.0
1163,2016-07-04 03:22:00,28.5,68.0,22.0
1164,2016-07-04 03:23:00,28.5,68.0,22.0
1165,2016-07-04 03:24:00,28.5,68.0,22.0
1166,2016-07-04 03:25:00,28.5,68.0,22.0
1167,2016-07-04 03:26:00,28.5,68.0,22.0
1168,2016-07-04 03:27:00,28.5,68.0,22.0
1169,2016-07-04 03:28:00,28.5,68.0,22.0
1170,2016-07-04 03:29:00,28.5,68.0,22.0
1171,2016-07-04 03:30:00,28.5,68.0,22.0
1172,2016-07-04 03:31:00,28.5,68.0,22.0
1173,2016-07-04 03:32:00,28.5,68.0,22.0
1174,2016-07-04 03:33:00,28.5,68.0,22.0
1175,2016-07-04 03:34:00,28.5,68.0,22.0
1176,2016-07-04 03:35:00,28.5,68.0,22.0
1177,2016-07-04 03:36:00,28.5,68.0,22.0
1178,2016-07-04 03:37:00,28.5,68.0,22.0
1179,2016-07-04 03:38:00,28.5,68.0,22.0
1180,2016-07-04 03:39:00,28.5,68.0,22.0
1181,2016-07-04 03:40:00,28.5,68.0,22.0
1182,2016-07-04 03:41:00,28.5,68.0,22.0
1183,2016-07-04 03:42:00,28.5,68.0,22.0
1184,2016-07-04 03:43:00,28.5,68.0,22.0
1185,2016-07-04 03:44:00,28.5,68.0,22.0
1186,2016-07-04 03:45:00,28.5,68.0,22.0
1187,2016-07-04 03:46:00,28.5,68.0,22.0
1188,2016-07-04 03:47:00,28.5,68.0,22.0
1189,2016-07-04 03:48:00,28.5,68.0,22.0
1190,2016-07-04 03:49:00,28.5,68.0,22.0
1191,2016-07-04 03:50:00,28.5,68.0,22.0
1192,2016-07-04 03:51:00,28.5,68.0,22.0
1193,2016-07-04 03:52:00,28.5,68.0,22.0
1194,2016-07-04 03:53:00,28.5,68.0,22.0
1195,2016-07-04 03:54:00,28.5,68.0,22.0
1196,2016-07-04 03:55:00,28.5,68.0,22.0
1197,2016-07-04 03:56:00,28.5,68.0,22.0
1198,2016-07-04 03:57:00,28.5,68.0,22.0
1199,2016-07-04 03:58:00,28.5,68.0,22.0
1200,2016-07-04 03:59:00,28.5,68.0,22.0
1201,2016-07-04 04:00:00,28.5,68.0,22.0
1202,2016-07-04 04:01:00,28.5,68.0,22.0
1203,2016-07-04 04:02:00,28.5,68.0,22.0
1204,2016-07-04 04:03:00,28.5,68.0,22.0
1205,2016-07-04 04:04:00,28.5,68.0,22.0
1206,2016-07-04 04:05:00,28.5,68.0,22.0
1207,2016-07-04 04:06:00,28.5,68.0,22.0
1208,2016-07-04 04:07:00,28.5,68.0,22.0
1209,2016-07-04 04:08:00,28.5,68.0,22.0
1210,2016-07-04 04:09:00,28.5,68.0,22.0
1211,2016-07-04 04:10:00,28.5,68.0,22.0
1212,2016-07-04 04:11:00,28.5,68.0,22.0
1213,2016-07-04 04:12:00,28.5,68.0,22.0
1214,2016-07-04 04:13:00,28.5,68.0,22.0
1215,2016-07-04 04:14:00,28.5,68.0,22.0
1216,2016-07-04 04:15:00,28.5,68.0,22.0
1217,2016-07-04 04:16:00,28.5,68.0,22.0
1218,2016-07-04 04:17:00,28.5,68.0,22.0
1219,2016-07-04 04:18:00,28.5,68.0,22.0
1220,2016-07-04 04:19:00,28.5,68.0,22.0
1221,2016-07-04 04:20:00,28.5,68.0,22.0
1222,2016-07-04 04:21:00,28.5,68.0,22.0
1223,2016-07-04 04:22:00,28.5,68.0,22.0
1224,2016-07-04 04:23:00,28.5,68.0,22.0
1225,2016-07-04 04:24:00,28.5,68.0,22.0
1226,2016-07-04 04:25:00,28.5,68.0,22.0
1227,2016-07-04 04:26:00,28.5,68.0,22.0
1228,2016-07-04 04:27:00,28.5,68.0,22.0
1229,2016-07-04 04:28:00,28.5,68.0,22.0
1230,2016-07-04 04:29:00,28.5,68.0,22.0
1231,2016-07-04 04:30:00,28.5,68.0,22.0
1232,2016-07-04 04:31:00,28.5,68.0,22.0
1233,2016-07-04 04:32:00,28.5,68.0,22.0
1234,2016-07-04 04:33:00,28.5,68.0,22.0
1235,2016-07-04 04:34:00,28.5,68.0,22.0
1236,2016-07-04 04:35:00,28.5,68.0,22.0
1237,2016-07-04 04:36:00,28.5,68.0,22.0
1238,2016-07-04 04:37:00,28.5,68.0,22.0
1239,2016-07-04 04:38:00,28.5,68.0,22.0
1240,2016-07-04 04:39:00,28.5,68.0,22.0
1241,2016-07-04 04:40:00,28.5,68.0,22.0
1242,2016-07-04 04:41:00,28.5,68.0,22.0
1243,2016-07-04 04:42:00,28.5,68.0,22.0
1244,2016-07-04 04:43:00,28.5,68.0,22.0
1245,2016-07-04 04:44:00,28.5,68.0,22.0
1246,2016-07-04 04:45:00,28.5,68.0,22.0
1247,2016-07-04 04:46:00,28.5,68.0,22.0
1248,2016-07-04 04:47:00,28.5,68.0,22.0
1249,2016-07-04 04:48:00,28.5,68.0,22.0
1250,2016-07-04 04:49:00,28.5,68.0,22.0
1251,2016-07-04 04:50:00,28.5,68.0,22.0
1252,2016-07-04 04:51:00,28.5,68.0,22.0
1253,2016-07-04 04:52:00,28.5,68.0,22.0
1254,2016-07-04 04:53:00,28.5,68.0,22.0
1255,2016-07-04 04:54:00,28.5,68.0,22.0
1256,2016-07-04 04:55:00,28.5,68.0,22.0
1257,2016-07-04 04:56:00,28.5,68.0,22.0
1258,2016-07-04 04:57:00,28.5,68.0,22.0
1259,2016-07-04 04:58:00,28.5,68.0,22.0
1260,2016-07-04 04:59:00,28.5,68.0,22.0
1261,2016-07-04 05:00:00,28.5,68.0,22.0
1262,2016-07-04 05:01:00,28.5,68.0,22.0
1263,2016-07-04 05:02:00,28.5,68.0,22.0
1264,2016-07-04 05:03:00,28.5,68.0,22.0
1265,2016-07-04 05:04:00,28.5,68.0,22.0
1266,2016-07-04 05:05:00,28.5,68.0,22.0
1267,2016-07-04 05:06:00,28.5,68.0,22.0
1268,2016-07-04 05:07:00,28.5,68.0,22.0
1269,2016-07-04 05:08:00,28.5,68.0,22.0
1270,2016-07-04 05:09:00,28.5,68.0,22.0
1271,2016-07-04 05:10:00,28.5,68.0,22.0
1272,2016-07-04 05:11:00,28.5,68.0,22.0
1273,2016-07-04 05:12:00,28.5,68.0,22.0
1274,2016-07-04 05:13:00,28.5,68.0,22.0
1275,2016-07-04 05:14:00,28.5,68.0,22.0
1276,2016-07-04 05:15:00,28.5,68.0,22.0
1277,2016-07-04 05:16:00,28.5,68.0,22.0
1278,2016-07-04 05:17:00,28.5,68.0,22.0
1279,2016-07-04 05:18:00,28.5,68.0,22.0
1280,2016-07-04 05:19:00,28.5,68.0,22.0
1281,2016-07-04 05:20:00,28.5,68.0,22.0
1282,2016-07-04 05:21:00,28.5,68.0,22.0
1283,2016-07-04 05:22:00,28.5,68.0,22.0
1284,2016-07-04 05:23:00,28.5,68.0,22.0
1285,2016-07-04 05:24:00,28.5,68.0,22.0
1286,2016-07-04 05:25:00,28.5,68.0,22.0
1287,2016-07-04 05:26:00,28.5,68.0,22.0
1288,2016-07-04 05:27:00,28.5,68.0,22.0
1289,2016-07-04 05:28:00,28.5,68.0,22.0
1290,2016-07-04 05:29:00,28.5,68.0,22.0
1291,2016-07-04 05:30:00,28.5,68.0,22.0
1292,2016-07-04 05:31:00,28.5,68.0,22.0
1293,2016-07-04 05:32:00,28.5,68.0,22.0
1294,2016-07-04 05:33:00,28.5,68.0,22.0
1295,2016-07-04 05:34:00,28.5,68.0,22.0
1296,2016-07-04 05:35:00,28.5,68.0,22.0
1297,2016-07-04 05:36:00,28.5,68.0,22.0
1298,2016-07-04 05:37:00,28.5,68.0,22.0
1299,2016-07-04 05:38:00,28.5,68.0,22.0
1300,2016-07-04 05:39:00,28.5,68.0,22.0
1301,2016-07-04 05:40:00,28.5,68.0,22.0
1302,2016-07-04 05:41:00,28.5,68.0,22.0
1303,2016-07-04 05:42:00,28.5,68.0,22.0
1304,2016-07-04 05:43:00,28.5,68.0,22.0
1305,2016-07-04 05:44:00,28.5,68.0,22.0
1306,2016-07-04 05:45:00,28.5,68.0,22.0
1307,2016-07-04 05:46:00,28.5,68.0,22.0
1308,2016-07-04 05:47:00,28.5,68.0,22.0
1309,2016-07-04 05:48:00,28.5,68.0,22.0
1310,2016-07-04 05:49:00,28.5,68.0,22.0
1311,2016-07-04 05:50:00,28.5,68.0,22.0
1312,2016-07-04 05:51:00,28.5,68.0,22.0
1313,2016-07-04 05:52:00,28.5,68.0,22.0
1314,2016-07-04 05:53:00,28.5,68.0,22.0
1315,2016-07-04 05:54:00,28.5,68.0,22.0
1316,2016-07-04 05:55:00,28.5,68.0,22.0
1317,2016-07-04 05:56:00,28.5,68.0,22.0
1318,2016-07-04 05:57:00,28.5,68.0,22.0
1319,2016-07-04 05:58:00,28.5,68.0,22.0
1320,2016-07-04 05:59:00,28.5,68.0,22.0
1321,2016-07-04 06:00:00,28.5,68.0,22.0
1322,2016-07-04 06:01:00,28.5,68.0,22.0
1323,2016-07-04 06:02:00,28.5,68.0,22.0
1324,2016-07-04 06:03:00,28.5,68.0,22.0
1325,2016-07-04 06:04:00,28.5,68.0,22.0
1326,2016-07-04 06:05:00,28.5,68.0,22.0
1327,2016-07-04 06:06:00,28.5,68.0,22.0
1328,2016-07-04 06:07:00,28.5,68.0,22.0
1329,2016-07-04 06:08:00,28.5,68.0,22.0
1330,2016-07-04 06:09:00,28.5,68.0,22.0
1331,2016-07-04 06:10:00,28.5,68.0,22.0
1332,2016-07-04 06:11:00,28.5,68.0,22.0
1333,2016-07-04 06:12:00,28.5,68.0,22.0
1334,2016-07-04 06:13:00,28.5,68.0,22.0
1335,2016-07-04 06:14:00,28.5,68.0,22.0
1336,2016-07-04 06:15:00,28.5,68.0,22.0
1337,2016-07-04 06:16:00,28.5,68.0,22.0
1338,2016-07-04 06:17:00,28.5,68.0,22.0
1339,2016-07-04 06:18:00,28.5,68.0,22.0
1340,2016-07-04 06:19:00,28.5,68.0,22.0
1341,2016-07-04 06:20:00,28.5,68.0,22.0
1342,2016-07-04 06:21:00,28.5,68.0,22.0
1343,2016-07-04 06:22:00,28.5,68.0,22.0
1344,2016-07-04 06:23:00,28.5,68.0,22.0
1345,2016-07-04 06:24:00,28.5,68.0,22.0
1346,2016-07-04 06:25:00,28.5,68.0,22.0
1347,2016-07-04 06:26:00,28.5,68.0,22.0
1348,2016-07-04 06:27:00,28.5,68.0,22.0
1349,2016-07-04 06:28:00,28.5,68.0,22.0
1350,2016-07-04 06:29:00,28.5,68.0,22.0
1351,2016-07-04 06:30:00,28.5,68.0,22.0
1352,2016-07-04 06:31:00,28.5,68.0,22.0
1353,2016-07-04 06:32:00,28.5,68.0,22.0
1354,2016-07-04 06:33:00,28.5,68.0,22.0
1355,2016-07-04 06:34:00,28.5,68.0,22.0
1356,2016-07-04 06:35:00,28.5,68.0,22.0
1357,2016-07-04 06:36:00,28.5,68.0,22.0
1358,2016-07-04 06:37:00,28.5,68.0,22.0
1359,2016-07-04 06:38:00,28.5,68.0,22.0
1360,2016-07-04 06:39:00,28.5,68.0,22.0
1361,2016-07-04 06:40:00,28.5,68.0,22.0
1362,2016-07-04 06:41:00,28.5,68.0,22.0
1363,2016-07-04 06:42:00,28.5,68.0,22.0
1364,2016-07-04 06:43:00,28.5,68.0,22.0
1365,2016-07-04 06:44:00,28.5,68.0,22.0
1366,2016-07-04 06:45:00,28.5,68.0,22.0
1367,2016-07-04 06:46:00,28.5,68.0,22.0
1368,2016-07-04 06:47:00,28.5,68.0,22.0
1369,2016-07-04 06:48:00,28.5,68.0,22.0
1370,2016-07-04 06:49:00,28.5,68.0,22.0
1371,2016-07-04 06:50:00,28.5,68.0,22.0
1372,2016-07-04 06:51:00,28.5,68.0,22.0
1373,2016-07-04 06:52:00,28.5,68.0,22.0
1374,2016-07-04 06:53:00,28.5,68.0,22.0
1375,2016-07-04 06:54:00,28.5,68.0,22.0
1376,2016-07-04 06:55:00,28.5,68.0,22.0
1377,2016-07-04 06:56:00,28.5,68.0,22.0
1378,2016-07-04 06:57:00,28.5,68.0,22.0
1379,2016-07-04 06:58:00,28.5,68.0,22.0
1380,2016-07-04 06:59:00,28.5,68.0,22.0
1381,2016-07-04 07:00:00,28.5,68.0,22.0
1382,2016-07-04 07:01:00,28.5,68.0,22.0
1383,2016-07-04 07:02:00,28.5,68.0,22.0
1384,2016-07-04 07:03:00,28.5,68.0,22.0
1385,2016-07-04 07:04:00,28.5,68.0,22.0
1386,2016-07-04 07:05:00,28.5,68.0,22.0
1387,2016-07-04 07:06:00,28.5,68.0,22.0
1388,2016-07-04 07:07:00,28.5,68.0,22.0
1389,2016-07-04 07:08:00,28.5,68.0,22.0
1390,2016-07-04 07:09:00,28.5,68.0,22.0
1391,2016-07-04 07:10:00,28.5,68.0,22.0
1392,2016-07-04 07:11:00,28.5,68.0,22.0
1393,2016-07-04 07:12:00,28.5,68.0,22.0
1394,2016-07-04 07:13:00,28.5,68.0,22.0
1395,2016-07-04 07:14:00,28.5,68.0,22.0
1396,2016-07-04 07:15:00,28.5,68.0,22.0
1397,2016-07-04 07:16:00,28.5,68.0,22.0
1398,2016-07-04 07:17:00,28.5,68.0,22.0
1399,2016-07-04 07:18:00,28.5,68.0,22.0
1400,2016-07-04 07:19:00,28.5,68.0,22.0
1401,2016-07-04 07:20:00,28.5,68.0,22.0
1402,2016-07-04 07:21:00,28.5,68.0,22.0
1403,2016-07-04 07:22:00,28.5,68.0,22.0
1404,2016-07-04 07:23:00,28.5,68.0,22.0
1405,2016-07-04 07:24:00,28.5,68.0,22.0
1406,2016-07-04 07:25:00,28.5,68.0,22.0
1407,2016-07-04 07:26:00,28.5,68.0,22.0
1408,2016-07-04 07:27:00,28.5,68.0,22.0
1409,2016-07-04 07:28:00,28.5,68.0,22.0
1410,2016-07-04 07:29:00,28.5,68.0,22.0
1411,2016-07-04 07:30:00,28.5,68.0,22.0
1412,2016-07-04 07:31:00,28.5,68.0,22.0
1413,2016-07-04 07:32:00,28.5,68.0,22.0
1414,2016-07-04 07:33:00,28.5,68.0,22.0
1415,2016-07-04 07:34:00,28.5,68.0,22.0
1416,2016-07-04 07:35:00,28.5,68.0,22.0
1417,2016-07-04 07:36:00,28.5,68.0,22.0
1418,2016-07-04 07:37:00,28.5,68.0,22.0
1419,2016-07-04 07:38:00,28.5,68.0,22.0
1420,2016-07-04 07:39:00,28.5,68.0,22.0
1421,2016-07-04 07:40:00,28.5,68.0,22.0
1422,2016-07-04 07:41:00,28.5,68.0,22.0
1423,2016-07-04 07:42:00,28.5,68.0,22.0
1424,2016-07-04 07:43:00,28.5,68.0,22.0
1425,2016-07-04 07:44:00,28.5,68.0,22.0
1426,2016-07-04 07:45:00,28.5,68.0,22.0
1427,2016-07-04 07:46:00,28.5,68.0,22.0
1428,2016-07-04 07:47:00,28.5,68.0,22.0
1429,2016-07-04 07:48:00,28.5,68.0,22.0
1430,2016-07-04 07:49:00,28.5,68.0,22.0
1431,2016-07-04 07:50:00,28.5,68.0,22.0
1432,2016-07-04 07:51:00,28.5,68.0,22.0
1433,2016-07-04 07:52:00,28.5,68.0,22.0
1434,2016-07-04 07:53:00,28.5,68.0,22.0
1435,2016-07-04 07:54:00,28.5,68.0,22.0
1436,2016-07-04 07:55:00,28.5,68.0,22.0
1437,2016-07-04 07:56:00,28.5,68.0,22.0
1438,2016-07-04 07:57:00,28.5,68.0,22.0
1439,2016-07-04 07:58:00,28.5,68.0,22.0
1440,2016-07-04 07:59:00,28.5,68.0,22.0
1441,2016-07-04 08:00:00,28.5,68.0,22.0
1442,2016-07-04 08:01:00,28.5,68.0,22.0
1443,2016-07-04 08:02:00,28.5,68.0,22.0
1444,2016-07-04 08:03:00,28.5,68.0,22.0
1445,2016-07-04 08:04:00,28.5,68.0,22.0
1446,2016-07-04 08:05:00,28.5,68.0,22.0
1447,2016-07-04 08:06:00,28.5,68.0,22.0
1448,2016-07-04 08:07:00,28.0,68.0,21.5
1449,2016-07-04 08:08:00,28.5,68.0,22.0
1450,2016-07-04 08:09:00,28.5,68.0,22.0
1451,2016-07-04 08:10:00,28.5,68.0,22.0
1452,2016-07-04 08:11:00,28.5,68.0,22.0
1453,2016-07-04 08:12:00,28.0,68.0,21.5
1454,2016-07-04 08:13:00,28.5,68.0,22.0
1455,2016-07-04 08:14:00,28.0,68.0,21.5
1456,2016-07-04 08:15:00,28.5,68.0,22.0
1457,2016-07-04 08:16:00,28.5,68.0,22.0
1458,2016-07-04 08:17:00,28.0,68.0,21.5
1459,2016-07-04 08:18:00,28.0,68.0,21.5
1460,2016-07-04 08:19:00,28.5,68.0,22.0
1461,2016-07-04 08:20:00,28.0,68.0,21.5
1462,2016-07-04 08:21:00,28.0,68.0,21.5
1463,2016-07-04 08:22:00,28.0,68.0,21.5
1464,2016-07-04 08:23:00,28.0,68.0,21.5
1465,2016-07-04 08:24:00,28.0,68.0,21.5
1466,2016-07-04 08:25:00,28.0,68.0,21.5
1467,2016-07-04 08:26:00,28.0,68.0,21.5
1468,2016-07-04 08:27:00,28.0,68.0,21.5
1469,2016-07-04 08:28:00,28.0,68.0,21.5
1470,2016-07-04 08:29:00,28.5,68.0,22.0
1471,2016-07-04 08:30:00,28.5,68.0,22.0
1472,2016-07-04 08:31:00,28.0,68.0,21.5
1473,2016-07-04 08:32:00,28.0,68.0,21.5
1474,2016-07-04 08:33:00,28.5,68.0,22.0
1475,2016-07-04 08:34:00,28.0,68.0,21.5
1476,2016-07-04 08:35:00,28.0,68.0,21.5
1477,2016-07-04 08:36:00,28.0,68.0,21.5
1478,2016-07-04 08:37:00,28.0,68.0,21.5
1479,2016-07-04 08:38:00,28.0,68.0,21.5
1480,2016-07-04 08:39:00,28.0,68.0,21.5
1481,2016-07-04 08:40:00,28.0,68.0,21.5
1482,2016-07-04 08:41:00,28.0,68.0,21.5
1483,2016-07-04 08:42:00,28.0,68.0,21.5
1484,2016-07-04 08:43:00,28.0,68.0,21.5
1485,2016-07-04 08:44:00,28.0,68.0,21.5
1486,2016-07-04 08:45:00,28.0,68.0,21.5
1487,2016-07-04 08:46:00,28.0,68.0,21.5
1488,2016-07-04 08:47:00,28.0,68.0,21.5
1489,2016-07-04 08:48:00,28.0,68.0,21.5
1490,2016-07-04 08:49:00,28.0,68.0,21.5
1491,2016-07-04 08:50:00,28.0,68.0,21.5
1492,2016-07-04 08:51:00,28.0,68.0,21.5
1493,2016-07-04 08:52:00,28.0,68.0,21.5
1494,2016-07-04 08:53:00,28.0,68.0,21.5
1495,2016-07-04 08:54:00,28.0,68.0,21.5
1496,2016-07-04 08:55:00,28.0,68.0,21.5
1497,2016-07-04 08:56:00,28.0,68.0,21.5
1498,2016-07-04 08:57:00,28.0,68.0,21.5
1499,2016-07-04 08:58:00,28.0,68.0,21.5
1500,2016-07-04 08:59:00,28.0,68.0,21.5
1501,2016-07-04 09:00:00,28.0,68.0,21.5
1502,2016-07-04 09:01:00,28.0,68.0,21.5
1503,2016-07-04 09:02:00,28.0,68.0,21.5
1504,2016-07-04 09:03:00,28.0,68.0,21.5
1505,2016-07-04 09:04:00,28.0,68.0,21.5
1506,2016-07-04 09:05:00,28.0,68.0,21.5
1507,2016-07-04 09:06:00,28.0,68.0,21.5
1508,2016-07-04 09:07:00,28.0,68.0,21.5
1509,2016-07-04 09:08:00,28.0,68.0,21.5
1510,2016-07-04 09:09:00,28.0,68.0,21.5
1511,2016-07-04 09:10:00,28.0,68.0,21.5
1512,2016-07-04 09:11:00,28.0,68.0,21.5
1513,2016-07-04 09:12:00,28.0,68.0,21.5
1514,2016-07-04 09:13:00,28.0,68.0,21.5
1515,2016-07-04 09:14:00,28.0,68.0,21.5
1516,2016-07-04 09:15:00,28.0,68.0,21.5
1517,2016-07-04 09:16:00,28.0,68.0,21.5
1518,2016-07-04 09:17:00,28.0,68.0,21.5
1519,2016-07-04 09:18:00,28.0,68.0,21.5
1520,2016-07-04 09:19:00,28.0,68.0,21.5
1521,2016-07-04 09:20:00,28.0,68.0,21.5
1522,2016-07-04 09:21:00,28.0,68.0,21.5
1523,2016-07-04 09:22:00,28.0,68.0,21.5
1524,2016-07-04 09:23:00,28.0,68.0,21.5
1525,2016-07-04 09:24:00,28.0,68.0,21.5
1526,2016-07-04 09:25:00,28.0,68.0,21.5
1527,2016-07-04 09:26:00,28.0,68.0,21.5
1528,2016-07-04 09:27:00,28.0,68.0,21.5
1529,2016-07-04 09:28:00,28.0,68.0,21.5
1530,2016-07-04 09:29:00,28.0,68.0,21.5
1531,2016-07-04 09:30:00,28.0,68.0,21.5
1532,2016-07-04 09:31:00,28.0,68.0,21.5
1533,2016-07-04 09:32:00,28.0,68.0,21.5
1534,2016-07-04 09:33:00,28.0,68.0,21.5
1535,2016-07-04 09:34:00,28.0,68.0,21.5
1536,2016-07-04 09:35:00,28.0,68.0,21.5
1537,2016-07-04 09:36:00,28.0,68.0,21.5
1538,2016-07-04 09:37:00,28.0,68.0,21.5
1539,2016-07-04 09:38:00,28.0,68.0,21.5
1540,2016-07-04 09:39:00,28.0,68.0,21.5
1541,2016-07-04 09:40:00,28.0,68.0,21.5
1542,2016-07-04 09:41:00,28.0,68.0,21.5
1543,2016-07-04 09:42:00,28.0,68.0,21.5
1544,2016-07-04 09:43:00,28.0,68.0,21.5
1545,2016-07-04 09:44:00,28.0,67.5,21.4
1546,2016-07-04 09:45:00,28.0,67.5,21.4
1547,2016-07-04 09:46:00,28.0,67.5,21.4
1548,2016-07-04 09:47:00,28.0,67.5,21.4
1549,2016-07-04 09:48:00,28.0,67.5,21.4
1550,2016-07-04 09:49:00,28.0,67.5,21.4
1551,2016-07-04 09:50:00,28.0,67.5,21.4
1552,2016-07-04 09:51:00,28.0,67.5,21.4
1553,2016-07-04 09:52:00,28.0,67.5,21.4
1554,2016-07-04 09:53:00,28.0,67.5,21.4
1555,2016-07-04 09:54:00,28.0,67.5,21.4
1556,2016-07-04 09:55:00,28.0,67.5,21.4
1557,2016-07-04 09:56:00,28.0,67.5,21.4
1558,2016-07-04 09:57:00,28.0,67.5,21.4
1559,2016-07-04 09:58:00,28.0,67.5,21.4
1560,2016-07-04 09:59:00,28.0,67.5,21.4
1561,2016-07-04 10:00:00,28.0,67.5,21.4
1562,2016-07-04 10:01:00,28.0,67.5,21.4
1563,2016-07-04 10:02:00,28.0,67.5,21.4
1564,2016-07-04 10:03:00,28.0,67.5,21.4
1565,2016-07-04 10:04:00,28.0,67.5,21.4
1566,2016-07-04 10:05:00,28.0,67.5,21.4
1567,2016-07-04 10:06:00,28.0,67.5,21.4
1568,2016-07-04 10:07:00,28.0,67.5,21.4
1569,2016-07-04 10:08:00,28.0,67.5,21.4
1570,2016-07-04 10:09:00,28.0,67.5,21.4
1571,2016-07-04 10:10:00,28.0,67.5,21.4
1572,2016-07-04 10:11:00,28.0,67.5,21.4
1573,2016-07-04 10:12:00,28.0,67.5,21.4
1574,2016-07-04 10:13:00,28.0,67.5,21.4
1575,2016-07-04 10:14:00,28.0,67.5,21.4
1576,2016-07-04 10:15:00,28.0,67.5,21.4
1577,2016-07-04 10:16:00,28.0,67.5,21.4
1578,2016-07-04 10:17:00,28.0,67.5,21.4
1579,2016-07-04 10:18:00,28.0,67.5,21.4
1580,2016-07-04 10:19:00,28.0,67.5,21.4
1581,2016-07-04 10:20:00,28.0,68.0,21.5
1582,2016-07-04 10:21:00,28.0,68.0,21.5
1583,2016-07-04 10:22:00,28.0,68.0,21.5
1584,2016-07-04 10:23:00,28.0,68.0,21.5
1585,2016-07-04 10:24:00,28.0,68.0,21.5
1586,2016-07-04 10:25:00,28.0,68.0,21.5
1587,2016-07-04 10:26:00,28.0,68.0,21.5
1588,2016-07-04 10:27:00,28.5,69.0,22.3
1589,2016-07-04 10:28:00,28.5,68.5,22.1
1590,2016-07-04 10:29:00,28.5,69.0,22.3
1591,2016-07-04 10:30:00,28.5,68.0,22.0
1592,2016-07-04 10:31:00,29.0,67.5,22.4
1593,2016-07-04 10:32:00,29.5,66.5,22.6
1594,2016-07-04 10:33:00,30.0,65.5,22.8
1595,2016-07-04 10:34:00,30.5,64.5,23.0
1596,2016-07-04 10:35:00,31.0,63.0,23.1
1597,2016-07-04 10:36:00,31.0,62.5,23.0
1598,2016-07-04 10:37:00,31.5,62.0,23.3
1599,2016-07-04 10:38:00,31.5,60.0,22.8
1600,2016-07-04 10:39:00,31.5,59.5,22.6
1601,2016-07-04 10:40:00,31.5,59.5,22.6
1602,2016-07-04 10:41:00,31.5,59.5,22.6
1603,2016-07-04 10:42:00,31.5,60.0,22.8
1604,2016-07-04 10:43:00,31.5,60.5,22.9
1605,2016-07-04 10:44:00,31.0,57.5,21.6
1606,2016-07-04 10:45:00,31.0,56.0,21.2
1607,2016-07-04 10:46:00,30.5,56.0,20.7
1608,2016-07-04 10:47:00,30.5,56.0,20.7
1609,2016-07-04 10:48:00,30.5,59.0,21.6
1610,2016-07-04 10:49:00,30.5,60.0,21.8
1611,2016-07-04 10:50:00,30.5,59.5,21.7
1612,2016-07-04 10:51:00,30.5,59.0,21.6
1613,2016-07-04 10:52:00,30.5,58.5,21.4
1614,2016-07-04 10:53:00,31.0,57.5,21.6
1615,2016-07-04 10:54:00,31.0,57.0,21.5
1616,2016-07-04 10:55:00,31.0,56.5,21.3
1617,2016-07-04 10:56:00,31.0,56.0,21.2
1618,2016-07-04 10:57:00,31.0,56.0,21.2
1619,2016-07-04 10:58:00,31.0,55.5,21.0
1620,2016-07-04 10:59:00,31.0,55.5,21.0
1621,2016-07-04 11:00:00,31.0,55.0,20.9
1622,2016-07-04 11:01:00,31.0,54.5,20.7
1623,2016-07-04 11:02:00,31.0,54.5,20.7
1624,2016-07-04 11:03:00,31.5,54.5,21.2
1625,2016-07-04 11:04:00,31.5,53.0,20.8
1626,2016-07-04 11:05:00,31.5,52.0,20.4
1627,2016-07-04 11:06:00,31.5,51.5,20.3
1628,2016-07-04 11:07:00,31.5,51.0,20.1
1629,2016-07-04 11:08:00,31.5,50.5,20.0
1630,2016-07-04 11:09:00,31.5,50.5,20.0
1631,2016-07-04 11:10:00,31.5,54.0,21.1
1632,2016-07-04 11:11:00,32.0,55.5,22.0
1633,2016-07-04 11:12:00,32.0,57.0,22.4
1634,2016-07-04 11:13:00,32.5,55.5,22.4
1635,2016-07-04 11:14:00,32.5,52.5,21.5
1636,2016-07-04 11:15:00,32.0,51.0,20.6
1637,2016-07-04 11:16:00,31.5,50.0,19.8
1638,2016-07-04 11:17:00,31.5,50.0,19.8
1639,2016-07-04 11:18:00,31.5,50.0,19.8
1640,2016-07-04 11:19:00,31.0,50.0,19.4
1641,2016-07-04 11:20:00,31.0,50.0,19.4
1642,2016-07-04 11:21:00,30.5,50.0,18.9
1643,2016-07-04 11:22:00,30.5,50.0,18.9
1644,2016-07-04 11:23:00,30.5,50.0,18.9
1645,2016-07-04 11:24:00,30.5,50.5,19.1
1646,2016-07-04 11:25:00,30.0,50.5,18.6
1647,2016-07-04 11:26:00,30.0,50.5,18.6
1648,2016-07-04 11:27:00,30.0,50.5,18.6
1649,2016-07-04 11:28:00,30.0,50.5,18.6
1650,2016-07-04 11:29:00,29.5,50.5,18.1
1651,2016-07-04 11:30:00,29.5,51.0,18.3
1652,2016-07-04 11:31:00,29.5,51.0,18.3
1653,2016-07-04 11:32:00,29.5,51.0,18.3
1654,2016-07-04 11:33:00,29.0,51.0,17.8
1655,2016-07-04 11:34:00,29.0,51.0,17.8
1656,2016-07-04 11:35:00,29.0,51.5,18.0
1657,2016-07-04 11:36:00,29.0,51.5,18.0
1658,2016-07-04 11:37:00,29.0,51.5,18.0
1659,2016-07-04 11:38:00,29.0,51.5,18.0
1660,2016-07-04 11:39:00,28.5,51.5,17.5
1661,2016-07-04 11:40:00,28.5,51.5,17.5
1662,2016-07-04 11:41:00,28.5,51.5,17.5
1663,2016-07-04 11:42:00,28.5,51.5,17.5
1664,2016-07-04 11:43:00,28.5,51.5,17.5
1665,2016-07-04 11:44:00,28.5,51.5,17.5
1666,2016-07-04 11:45:00,28.5,51.5,17.5
1667,2016-07-04 11:46:00,28.5,51.5,17.5
1668,2016-07-04 11:47:00,28.0,51.5,17.1
1669,2016-07-04 11:48:00,28.0,51.5,17.1
1670,2016-07-04 11:49:00,28.0,51.5,17.1
1671,2016-07-04 11:50:00,28.0,52.0,17.2
1672,2016-07-04 11:51:00,28.0,52.0,17.2
1673,2016-07-04 11:52:00,28.0,52.0,17.2
1674,2016-07-04 11:53:00,28.0,51.5,17.1
1675,2016-07-04 11:54:00,28.0,51.5,17.1
1676,2016-07-04 11:55:00,28.0,51.5,17.1
1677,2016-07-04 11:56:00,28.0,51.5,17.1
1678,2016-07-04 11:57:00,28.0,51.5,17.1
1679,2016-07-04 11:58:00,27.5,51.5,16.6
1680,2016-07-04 11:59:00,27.5,51.5,16.6
1681,2016-07-04 12:00:00,27.5,51.5,16.6
1682,2016-07-04 12:01:00,27.5,51.5,16.6
1683,2016-07-04 12:02:00,27.5,51.5,16.6
1684,2016-07-04 12:03:00,27.5,52.0,16.8
1685,2016-07-04 12:04:00,27.5,52.0,16.8
1686,2016-07-04 12:05:00,27.5,52.0,16.8
1687,2016-07-04 12:06:00,27.5,52.0,16.8
1688,2016-07-04 12:07:00,27.5,52.5,16.9
1689,2016-07-04 12:08:00,27.5,52.5,16.9
1690,2016-07-04 12:09:00,27.5,52.5,16.9
1691,2016-07-04 12:10:00,27.5,52.5,16.9
1692,2016-07-04 12:11:00,27.5,52.5,16.9
1693,2016-07-04 12:12:00,27.5,53.0,17.1
1694,2016-07-04 12:13:00,27.5,53.0,17.1
1695,2016-07-04 12:14:00,27.5,53.0,17.1
1696,2016-07-04 12:15:00,27.5,53.0,17.1
1697,2016-07-04 12:16:00,27.5,53.5,17.2
1698,2016-07-04 12:17:00,27.5,53.5,17.2
1699,2016-07-04 12:18:00,27.0,53.5,16.8
1700,2016-07-04 12:19:00,27.0,53.5,16.8
1701,2016-07-04 12:20:00,27.0,53.5,16.8
1702,2016-07-04 12:21:00,27.0,53.5,16.8
1703,2016-07-04 12:22:00,27.0,54.0,16.9
1704,2016-07-04 12:23:00,27.0,54.0,16.9
1705,2016-07-04 12:24:00,27.0,54.0,16.9
1706,2016-07-04 12:25:00,27.0,54.0,16.9
1707,2016-07-04 12:26:00,27.0,54.0,16.9
1708,2016-07-04 12:27:00,27.0,54.0,16.9
1709,2016-07-04 12:28:00,27.0,54.0,16.9
1710,2016-07-04 12:29:00,27.0,54.0,16.9
1711,2016-07-04 12:30:00,27.0,54.0,16.9
1712,2016-07-04 12:31:00,27.0,54.0,16.9
1713,2016-07-04 12:32:00,27.0,53.5,16.8
1714,2016-07-04 12:33:00,27.0,53.5,16.8
1715,2016-07-04 12:34:00,27.0,53.5,16.8
1716,2016-07-04 12:35:00,27.0,53.5,16.8
1717,2016-07-04 12:36:00,27.0,53.5,16.8
1718,2016-07-04 12:37:00,27.0,53.5,16.8
1719,2016-07-04 12:38:00,27.0,54.0,16.9
1720,2016-07-04 12:39:00,27.0,53.5,16.8
1721,2016-07-04 12:40:00,27.0,53.5,16.8
1722,2016-07-04 12:41:00,27.0,53.5,16.8
1723,2016-07-04 12:42:00,27.0,53.5,16.8
1724,2016-07-04 12:43:00,27.0,53.5,16.8
1725,2016-07-04 12:44:00,27.0,53.5,16.8
1726,2016-07-04 12:45:00,27.0,53.5,16.8
1727,2016-07-04 12:46:00,27.0,53.5,16.8
1728,2016-07-04 12:47:00,27.0,53.5,16.8
1729,2016-07-04 12:48:00,27.0,53.5,16.8
1730,2016-07-04 12:49:00,27.0,53.5,16.8
1731,2016-07-04 12:50:00,27.0,53.5,16.8
1732,2016-07-04 12:51:00,27.0,53.5,16.8
1733,2016-07-04 12:52:00,27.0,53.5,16.8
1734,2016-07-04 12:53:00,27.0,53.5,16.8
1735,2016-07-04 12:54:00,27.0,56.5,17.6
